This is XeTeX, Version 3.141592653-2.6-0.999998 (TeX Live 2026) (preloaded format=xelatex 2026.5.5)  8 JUN 2026 22:21
entering extended mode
 restricted \write18 enabled.
 %&-line parsing enabled.
**Тестирование.tex
(./Тестирование.tex
LaTeX2e <2025-11-01>
L3 programming layer <2026-03-20>
! Undefined control sequence.
l.1 \section
            {Тестирование программной системы}
The control sequence at the end of the top line
of your error message was never \def'ed. If you have
misspelled it (e.g., `\hobx'), type `I' and the correct
spelling (e.g., `I\hbox'). Otherwise just continue,
and I'll forget about whatever was undefined.


! LaTeX Error: Missing \begin{document}.

See the LaTeX manual or LaTeX Companion for explanation.
Type  H <return>  for immediate help.
 ...                                              
                                                  
l.1 \section{Т
              естирование программной системы}
You're in trouble here.  Try typing  <return>  to proceed.
If that doesn't work, type  X <return>  to quit.

Missing character: There is no Т ("422) in font nullfont!
Missing character: There is no е ("435) in font nullfont!
Missing character: There is no с ("441) in font nullfont!
Missing character: There is no т ("442) in font nullfont!
Missing character: There is no и ("438) in font nullfont!
Missing character: There is no р ("440) in font nullfont!
Missing character: There is no о ("43E) in font nullfont!
Missing character: There is no в ("432) in font nullfont!
Missing character: There is no а ("430) in font nullfont!
Missing character: There is no н ("43D) in font nullfont!
Missing character: There is no и ("438) in font nullfont!
Missing character: There is no е ("435) in font nullfont!
Missing character: There is no п ("43F) in font nullfont!
Missing character: There is no р ("440) in font nullfont!
Missing character: There is no о ("43E) in font nullfont!
Missing character: There is no г ("433) in font nullfont!
Missing character: There is no р ("440) in font nullfont!
Missing character: There is no а ("430) in font nullfont!
Missing character: There is no м ("43C) in font nullfont!
Missing character: There is no м ("43C) in font nullfont!
Missing character: There is no н ("43D) in font nullfont!
Missing character: There is no о ("43E) in font nullfont!
Missing character: There is no й ("439) in font nullfont!
Missing character: There is no с ("441) in font nullfont!
Missing character: There is no и ("438) in font nullfont!
Missing character: There is no с ("441) in font nullfont!
Missing character: There is no т ("442) in font nullfont!
Missing character: There is no е ("435) in font nullfont!
Missing character: There is no м ("43C) in font nullfont!
Missing character: There is no ы ("44B) in font nullfont!

Overfull \hbox (20.0pt too wide) in paragraph at lines 1--2
[]
 []

! Undefined control sequence.
l.3 \subsection
               {Цели и задачи тестирования}
The control sequence at the end of the top line
of your error message was never \def'ed. If you have
misspelled it (e.g., `\hobx'), type `I' and the correct
spelling (e.g., `I\hbox'). Otherwise just continue,
and I'll forget about whatever was undefined.


! LaTeX Error: Missing \begin{document}.

See the LaTeX manual or LaTeX Companion for explanation.
Type  H <return>  for immediate help.
 ...                                              
                                                  
l.3 \subsection{Ц
                 ели и задачи тестирования}
You're in trouble here.  Try typing  <return>  to proceed.
If that doesn't work, type  X <return>  to quit.

Missing character: There is no Ц ("426) in font nullfont!
Missing character: There is no е ("435) in font nullfont!
Missing character: There is no л ("43B) in font nullfont!
Missing character: There is no и ("438) in font nullfont!
Missing character: There is no и ("438) in font nullfont!
Missing character: There is no з ("437) in font nullfont!
Missing character: There is no а ("430) in font nullfont!
Missing character: There is no д ("434) in font nullfont!
Missing character: There is no а ("430) in font nullfont!
Missing character: There is no ч ("447) in font nullfont!
Missing character: There is no и ("438) in font nullfont!
Missing character: There is no т ("442) in font nullfont!
Missing character: There is no е ("435) in font nullfont!
Missing character: There is no с ("441) in font nullfont!
Missing character: There is no т ("442) in font nullfont!
Missing character: There is no и ("438) in font nullfont!
Missing character: There is no р ("440) in font nullfont!
Missing character: There is no о ("43E) in font nullfont!
Missing character: There is no в ("432) in font nullfont!
Missing character: There is no а ("430) in font nullfont!
Missing character: There is no н ("43D) in font nullfont!
Missing character: There is no и ("438) in font nullfont!
Missing character: There is no я ("44F) in font nullfont!

Overfull \hbox (20.0pt too wide) in paragraph at lines 3--4
[]
 []


! LaTeX Error: Missing \begin{document}.

See the LaTeX manual or LaTeX Companion for explanation.
Type  H <return>  for immediate help.
 ...                                              
                                                  
l.5 Ц
     елью тестирования является проверка соответствия разработанного приложе...

You're in trouble here.  Try typing  <return>  to proceed.
If that doesn't work, type  X <return>  to quit.

Missing character: There is no Ц ("426) in font nullfont!
Missing character: There is no е ("435) in font nullfont!
Missing character: There is no л ("43B) in font nullfont!
Missing character: There is no ь ("44C) in font nullfont!
Missing character: There is no ю ("44E) in font nullfont!
Missing character: There is no т ("442) in font nullfont!
Missing character: There is no е ("435) in font nullfont!
Missing character: There is no с ("441) in font nullfont!
Missing character: There is no т ("442) in font nullfont!
Missing character: There is no и ("438) in font nullfont!
Missing character: There is no р ("440) in font nullfont!
Missing character: There is no о ("43E) in font nullfont!
Missing character: There is no в ("432) in font nullfont!
Missing character: There is no а ("430) in font nullfont!
Missing character: There is no н ("43D) in font nullfont!
Missing character: There is no и ("438) in font nullfont!
Missing character: There is no я ("44F) in font nullfont!
Missing character: There is no я ("44F) in font nullfont!
Missing character: There is no в ("432) in font nullfont!
Missing character: There is no л ("43B) in font nullfont!
Missing character: There is no я ("44F) in font nullfont!
Missing character: There is no е ("435) in font nullfont!
Missing character: There is no т ("442) in font nullfont!
Missing character: There is no с ("441) in font nullfont!
Missing character: There is no я ("44F) in font nullfont!
Missing character: There is no п ("43F) in font nullfont!
Missing character: There is no р ("440) in font nullfont!
Missing character: There is no о ("43E) in font nullfont!
Missing character: There is no в ("432) in font nullfont!
Missing character: There is no е ("435) in font nullfont!
Missing character: There is no р ("440) in font nullfont!
Missing character: There is no к ("43A) in font nullfont!
Missing character: There is no а ("430) in font nullfont!
Missing character: There is no с ("441) in font nullfont!
Missing character: There is no о ("43E) in font nullfont!
Missing character: There is no о ("43E) in font nullfont!
Missing character: There is no т ("442) in font nullfont!
Missing character: There is no в ("432) in font nullfont!
Missing character: There is no е ("435) in font nullfont!
Missing character: There is no т ("442) in font nullfont!
Missing character: There is no с ("441) in font nullfont!
Missing character: There is no т ("442) in font nullfont!
Missing character: There is no в ("432) in font nullfont!
Missing character: There is no и ("438) in font nullfont!
Missing character: There is no я ("44F) in font nullfont!
Missing character: There is no р ("440) in font nullfont!
Missing character: There is no а ("430) in font nullfont!
Missing character: There is no з ("437) in font nullfont!
Missing character: There is no р ("440) in font nullfont!
Missing character: There is no а ("430) in font nullfont!
Missing character: There is no б ("431) in font nullfont!
Missing character: There is no о ("43E) in font nullfont!
Missing character: There is no т ("442) in font nullfont!
Missing character: There is no а ("430) in font nullfont!
Missing character: There is no н ("43D) in font nullfont!
Missing character: There is no н ("43D) in font nullfont!
Missing character: There is no о ("43E) in font nullfont!
Missing character: There is no г ("433) in font nullfont!
Missing character: There is no о ("43E) in font nullfont!
Missing character: There is no п ("43F) in font nullfont!
Missing character: There is no р ("440) in font nullfont!
Missing character: There is no и ("438) in font nullfont!
Missing character: There is no л ("43B) in font nullfont!
Missing character: There is no о ("43E) in font nullfont!
Missing character: There is no ж ("436) in font nullfont!
Missing character: There is no е ("435) in font nullfont!
Missing character: There is no н ("43D) in font nullfont!
Missing character: There is no и ("438) in font nullfont!
Missing character: There is no я ("44F) in font nullfont!
Missing character: There is no т ("442) in font nullfont!
Missing character: There is no р ("440) in font nullfont!
Missing character: There is no е ("435) in font nullfont!
Missing character: There is no б ("431) in font nullfont!
Missing character: There is no о ("43E) in font nullfont!
Missing character: There is no в ("432) in font nullfont!
Missing character: There is no а ("430) in font nullfont!
Missing character: There is no н ("43D) in font nullfont!
Missing character: There is no и ("438) in font nullfont!
Missing character: There is no я ("44F) in font nullfont!
Missing character: There is no м ("43C) in font nullfont!
Missing character: There is no , ("2C) in font nullfont!
Missing character: There is no с ("441) in font nullfont!
Missing character: There is no ф ("444) in font nullfont!
Missing character: There is no о ("43E) in font nullfont!
Missing character: There is no р ("440) in font nullfont!
Missing character: There is no м ("43C) in font nullfont!
Missing character: There is no у ("443) in font nullfont!
Missing character: There is no л ("43B) in font nullfont!
Missing character: There is no и ("438) in font nullfont!
Missing character: There is no р ("440) in font nullfont!
Missing character: There is no о ("43E) in font nullfont!
Missing character: There is no в ("432) in font nullfont!
Missing character: There is no а ("430) in font nullfont!
Missing character: There is no н ("43D) in font nullfont!
Missing character: There is no н ("43D) in font nullfont!
Missing character: There is no ы ("44B) in font nullfont!
Missing character: There is no м ("43C) in font nullfont!
Missing character: There is no в ("432) in font nullfont!
Missing character: There is no т ("442) in font nullfont!
Missing character: There is no е ("435) in font nullfont!
Missing character: There is no х ("445) in font nullfont!
Missing character: There is no н ("43D) in font nullfont!
Missing character: There is no и ("438) in font nullfont!
Missing character: There is no ч ("447) in font nullfont!
Missing character: There is no е ("435) in font nullfont!
Missing character: There is no с ("441) in font nullfont!
Missing character: There is no к ("43A) in font nullfont!
Missing character: There is no о ("43E) in font nullfont!
Missing character: There is no м ("43C) in font nullfont!
Missing character: There is no з ("437) in font nullfont!
Missing character: There is no а ("430) in font nullfont!
Missing character: There is no д ("434) in font nullfont!
Missing character: There is no а ("430) in font nullfont!
Missing character: There is no н ("43D) in font nullfont!
Missing character: There is no и ("438) in font nullfont!
Missing character: There is no и ("438) in font nullfont!
Missing character: There is no , ("2C) in font nullfont!
Missing character: There is no а ("430) in font nullfont!
Missing character: There is no т ("442) in font nullfont!
Missing character: There is no а ("430) in font nullfont!
Missing character: There is no к ("43A) in font nullfont!
Missing character: There is no ж ("436) in font nullfont!
Missing character: There is no е ("435) in font nullfont!
Missing character: There is no в ("432) in font nullfont!
Missing character: There is no ы ("44B) in font nullfont!
Missing character: There is no я ("44F) in font nullfont!
Missing character: There is no в ("432) in font nullfont!
Missing character: There is no л ("43B) in font nullfont!
Missing character: There is no е ("435) in font nullfont!
Missing character: There is no н ("43D) in font nullfont!
Missing character: There is no и ("438) in font nullfont!
Missing character: There is no е ("435) in font nullfont!
Missing character: There is no и ("438) in font nullfont!
Missing character: There is no у ("443) in font nullfont!
Missing character: There is no с ("441) in font nullfont!
Missing character: There is no т ("442) in font nullfont!
Missing character: There is no р ("440) in font nullfont!
Missing character: There is no а ("430) in font nullfont!
Missing character: There is no н ("43D) in font nullfont!
Missing character: There is no е ("435) in font nullfont!
Missing character: There is no н ("43D) in font nullfont!
Missing character: There is no и ("438) in font nullfont!
Missing character: There is no е ("435) in font nullfont!
Missing character: There is no д ("434) in font nullfont!
Missing character: There is no е ("435) in font nullfont!
Missing character: There is no ф ("444) in font nullfont!
Missing character: There is no е ("435) in font nullfont!
Missing character: There is no к ("43A) in font nullfont!
Missing character: There is no т ("442) in font nullfont!
Missing character: There is no о ("43E) in font nullfont!
Missing character: There is no в ("432) in font nullfont!
Missing character: There is no . ("2E) in font nullfont!

Overfull \hbox (20.0pt too wide) in paragraph at lines 5--6
[]
 []


! LaTeX Error: Missing \begin{document}.

See the LaTeX manual or LaTeX Companion for explanation.
Type  H <return>  for immediate help.
 ...                                              
                                                  
l.7 О
     сновные задачи тестирования:
You're in trouble here.  Try typing  <return>  to proceed.
If that doesn't work, type  X <return>  to quit.

Missing character: There is no О ("41E) in font nullfont!
Missing character: There is no с ("441) in font nullfont!
Missing character: There is no н ("43D) in font nullfont!
Missing character: There is no о ("43E) in font nullfont!
Missing character: There is no в ("432) in font nullfont!
Missing character: There is no н ("43D) in font nullfont!
Missing character: There is no ы ("44B) in font nullfont!
Missing character: There is no е ("435) in font nullfont!
Missing character: There is no з ("437) in font nullfont!
Missing character: There is no а ("430) in font nullfont!
Missing character: There is no д ("434) in font nullfont!
Missing character: There is no а ("430) in font nullfont!
Missing character: There is no ч ("447) in font nullfont!
Missing character: There is no и ("438) in font nullfont!
Missing character: There is no т ("442) in font nullfont!
Missing character: There is no е ("435) in font nullfont!
Missing character: There is no с ("441) in font nullfont!
Missing character: There is no т ("442) in font nullfont!
Missing character: There is no и ("438) in font nullfont!
Missing character: There is no р ("440) in font nullfont!
Missing character: There is no о ("43E) in font nullfont!
Missing character: There is no в ("432) in font nullfont!
Missing character: There is no а ("430) in font nullfont!
Missing character: There is no н ("43D) in font nullfont!
Missing character: There is no и ("438) in font nullfont!
Missing character: There is no я ("44F) in font nullfont!
Missing character: There is no : ("3A) in font nullfont!

Overfull \hbox (20.0pt too wide) in paragraph at lines 7--8
[]
 []

Missing character: There is no п ("43F) in font nullfont!
Missing character: There is no р ("440) in font nullfont!
Missing character: There is no о ("43E) in font nullfont!
Missing character: There is no в ("432) in font nullfont!
Missing character: There is no е ("435) in font nullfont!
Missing character: There is no р ("440) in font nullfont!
Missing character: There is no к ("43A) in font nullfont!
Missing character: There is no а ("430) in font nullfont!
Missing character: There is no к ("43A) in font nullfont!
Missing character: There is no о ("43E) in font nullfont!
Missing character: There is no р ("440) in font nullfont!
Missing character: There is no р ("440) in font nullfont!
Missing character: There is no е ("435) in font nullfont!
Missing character: There is no к ("43A) in font nullfont!
Missing character: There is no т ("442) in font nullfont!
Missing character: There is no н ("43D) in font nullfont!
Missing character: There is no о ("43E) in font nullfont!
Missing character: There is no с ("441) in font nullfont!
Missing character: There is no т ("442) in font nullfont!
Missing character: There is no и ("438) in font nullfont!
Missing character: There is no р ("440) in font nullfont!
Missing character: There is no е ("435) in font nullfont!
Missing character: There is no а ("430) in font nullfont!
Missing character: There is no л ("43B) in font nullfont!
Missing character: There is no и ("438) in font nullfont!
Missing character: There is no з ("437) in font nullfont!
Missing character: There is no а ("430) in font nullfont!
Missing character: There is no ц ("446) in font nullfont!
Missing character: There is no и ("438) in font nullfont!
Missing character: There is no и ("438) in font nullfont!
Missing character: There is no ф ("444) in font nullfont!
Missing character: There is no у ("443) in font nullfont!
Missing character: There is no н ("43D) in font nullfont!
Missing character: There is no к ("43A) in font nullfont!
Missing character: There is no ц ("446) in font nullfont!
Missing character: There is no и ("438) in font nullfont!
Missing character: There is no о ("43E) in font nullfont!
Missing character: There is no н ("43D) in font nullfont!
Missing character: There is no а ("430) in font nullfont!
Missing character: There is no л ("43B) in font nullfont!
Missing character: There is no ь ("44C) in font nullfont!
Missing character: There is no н ("43D) in font nullfont!
Missing character: There is no ы ("44B) in font nullfont!
Missing character: There is no х ("445) in font nullfont!
Missing character: There is no т ("442) in font nullfont!
Missing character: There is no р ("440) in font nullfont!
Missing character: There is no е ("435) in font nullfont!
Missing character: There is no б ("431) in font nullfont!
Missing character: There is no о ("43E) in font nullfont!
Missing character: There is no в ("432) in font nullfont!
Missing character: There is no а ("430) in font nullfont!
Missing character: There is no н ("43D) in font nullfont!
Missing character: There is no и ("438) in font nullfont!
Missing character: There is no й ("439) in font nullfont!
Missing character: There is no ; ("3B) in font nullfont!
Missing character: There is no п ("43F) in font nullfont!
Missing character: There is no р ("440) in font nullfont!
Missing character: There is no о ("43E) in font nullfont!
Missing character: There is no в ("432) in font nullfont!
Missing character: There is no е ("435) in font nullfont!
Missing character: There is no р ("440) in font nullfont!
Missing character: There is no к ("43A) in font nullfont!
Missing character: There is no а ("430) in font nullfont!
Missing character: There is no у ("443) in font nullfont!
Missing character: There is no с ("441) in font nullfont!
Missing character: There is no т ("442) in font nullfont!
Missing character: There is no о ("43E) in font nullfont!
Missing character: There is no й ("439) in font nullfont!
Missing character: There is no ч ("447) in font nullfont!
Missing character: There is no и ("438) in font nullfont!
Missing character: There is no в ("432) in font nullfont!
Missing character: There is no о ("43E) in font nullfont!
Missing character: There is no с ("441) in font nullfont!
Missing character: There is no т ("442) in font nullfont!
Missing character: There is no и ("438) in font nullfont!
Missing character: There is no п ("43F) in font nullfont!
Missing character: There is no р ("440) in font nullfont!
Missing character: There is no и ("438) in font nullfont!
Missing character: There is no л ("43B) in font nullfont!
Missing character: There is no о ("43E) in font nullfont!
Missing character: There is no ж ("436) in font nullfont!
Missing character: There is no е ("435) in font nullfont!
Missing character: There is no н ("43D) in font nullfont!
Missing character: There is no и ("438) in font nullfont!
Missing character: There is no я ("44F) in font nullfont!
Missing character: There is no к ("43A) in font nullfont!
Missing character: There is no н ("43D) in font nullfont!
Missing character: There is no е ("435) in font nullfont!
Missing character: There is no к ("43A) in font nullfont!
Missing character: There is no о ("43E) in font nullfont!
Missing character: There is no р ("440) in font nullfont!
Missing character: There is no р ("440) in font nullfont!
Missing character: There is no е ("435) in font nullfont!
Missing character: There is no к ("43A) in font nullfont!
Missing character: There is no т ("442) in font nullfont!
Missing character: There is no н ("43D) in font nullfont!
Missing character: There is no о ("43E) in font nullfont!
Missing character: There is no м ("43C) in font nullfont!
Missing character: There is no у ("443) in font nullfont!
Missing character: There is no в ("432) in font nullfont!
Missing character: There is no в ("432) in font nullfont!
Missing character: There is no о ("43E) in font nullfont!
Missing character: There is no д ("434) in font nullfont!
Missing character: There is no у ("443) in font nullfont!
Missing character: There is no д ("434) in font nullfont!
Missing character: There is no а ("430) in font nullfont!
Missing character: There is no н ("43D) in font nullfont!
Missing character: There is no н ("43D) in font nullfont!
Missing character: There is no ы ("44B) in font nullfont!
Missing character: There is no х ("445) in font nullfont!
Missing character: There is no ; ("3B) in font nullfont!
Missing character: There is no п ("43F) in font nullfont!
Missing character: There is no р ("440) in font nullfont!
Missing character: There is no о ("43E) in font nullfont!
Missing character: There is no в ("432) in font nullfont!
Missing character: There is no е ("435) in font nullfont!
Missing character: There is no р ("440) in font nullfont!
Missing character: There is no к ("43A) in font nullfont!
Missing character: There is no а ("430) in font nullfont!
Missing character: There is no п ("43F) in font nullfont!
Missing character: There is no р ("440) in font nullfont!
Missing character: There is no о ("43E) in font nullfont!
Missing character: There is no и ("438) in font nullfont!
Missing character: There is no з ("437) in font nullfont!
Missing character: There is no в ("432) in font nullfont!
Missing character: There is no о ("43E) in font nullfont!
Missing character: There is no д ("434) in font nullfont!
Missing character: There is no и ("438) in font nullfont!
Missing character: There is no т ("442) in font nullfont!
Missing character: There is no е ("435) in font nullfont!
Missing character: There is no л ("43B) in font nullfont!
Missing character: There is no ь ("44C) in font nullfont!
Missing character: There is no н ("43D) in font nullfont!
Missing character: There is no о ("43E) in font nullfont!
Missing character: There is no с ("441) in font nullfont!
Missing character: There is no т ("442) in font nullfont!
Missing character: There is no и ("438) in font nullfont!
Missing character: There is no п ("43F) in font nullfont!
Missing character: There is no р ("440) in font nullfont!
Missing character: There is no и ("438) in font nullfont!
Missing character: There is no л ("43B) in font nullfont!
Missing character: There is no о ("43E) in font nullfont!
Missing character: There is no ж ("436) in font nullfont!
Missing character: There is no е ("435) in font nullfont!
Missing character: There is no н ("43D) in font nullfont!
Missing character: There is no и ("438) in font nullfont!
Missing character: There is no я ("44F) in font nullfont!
Missing character: There is no ; ("3B) in font nullfont!
Missing character: There is no п ("43F) in font nullfont!
Missing character: There is no р ("440) in font nullfont!
Missing character: There is no о ("43E) in font nullfont!
Missing character: There is no в ("432) in font nullfont!
Missing character: There is no е ("435) in font nullfont!
Missing character: There is no р ("440) in font nullfont!
Missing character: There is no к ("43A) in font nullfont!
Missing character: There is no а ("430) in font nullfont!
Missing character: There is no р ("440) in font nullfont!
Missing character: There is no а ("430) in font nullfont!
Missing character: There is no б ("431) in font nullfont!
Missing character: There is no о ("43E) in font nullfont!
Missing character: There is no т ("442) in font nullfont!
Missing character: There is no ы ("44B) in font nullfont!
Missing character: There is no п ("43F) in font nullfont!
Missing character: There is no р ("440) in font nullfont!
Missing character: There is no и ("438) in font nullfont!
Missing character: There is no л ("43B) in font nullfont!
Missing character: There is no о ("43E) in font nullfont!
Missing character: There is no ж ("436) in font nullfont!
Missing character: There is no е ("435) in font nullfont!
Missing character: There is no н ("43D) in font nullfont!
Missing character: There is no и ("438) in font nullfont!
Missing character: There is no я ("44F) in font nullfont!
Missing character: There is no в ("432) in font nullfont!
Missing character: There is no у ("443) in font nullfont!
Missing character: There is no с ("441) in font nullfont!
Missing character: There is no л ("43B) in font nullfont!
Missing character: There is no о ("43E) in font nullfont!
Missing character: There is no в ("432) in font nullfont!
Missing character: There is no и ("438) in font nullfont!
Missing character: There is no я ("44F) in font nullfont!
Missing character: There is no х ("445) in font nullfont!
Missing character: There is no о ("43E) in font nullfont!
Missing character: There is no г ("433) in font nullfont!
Missing character: There is no р ("440) in font nullfont!
Missing character: There is no а ("430) in font nullfont!
Missing character: There is no н ("43D) in font nullfont!
Missing character: There is no и ("438) in font nullfont!
Missing character: There is no ч ("447) in font nullfont!
Missing character: There is no е ("435) in font nullfont!
Missing character: There is no н ("43D) in font nullfont!
Missing character: There is no н ("43D) in font nullfont!
Missing character: There is no ы ("44B) in font nullfont!
Missing character: There is no х ("445) in font nullfont!
Missing character: There is no р ("440) in font nullfont!
Missing character: There is no е ("435) in font nullfont!
Missing character: There is no с ("441) in font nullfont!
Missing character: There is no у ("443) in font nullfont!
Missing character: There is no р ("440) in font nullfont!
Missing character: There is no с ("441) in font nullfont!
Missing character: There is no о ("43E) in font nullfont!
Missing character: There is no в ("432) in font nullfont!
Missing character: There is no ; ("3B) in font nullfont!
Missing character: There is no п ("43F) in font nullfont!
Missing character: There is no р ("440) in font nullfont!
Missing character: There is no о ("43E) in font nullfont!
Missing character: There is no в ("432) in font nullfont!
Missing character: There is no е ("435) in font nullfont!
Missing character: There is no р ("440) in font nullfont!
Missing character: There is no к ("43A) in font nullfont!
Missing character: There is no а ("430) in font nullfont!
Missing character: There is no с ("441) in font nullfont!
Missing character: There is no о ("43E) in font nullfont!
Missing character: There is no в ("432) in font nullfont!
Missing character: There is no м ("43C) in font nullfont!
Missing character: There is no е ("435) in font nullfont!
Missing character: There is no с ("441) in font nullfont!
Missing character: There is no т ("442) in font nullfont!
Missing character: There is no и ("438) in font nullfont!
Missing character: There is no м ("43C) in font nullfont!
Missing character: There is no о ("43E) in font nullfont!
Missing character: There is no с ("441) in font nullfont!
Missing character: There is no т ("442) in font nullfont!
Missing character: There is no и ("438) in font nullfont!
Missing character: There is no с ("441) in font nullfont!
Missing character: There is no р ("440) in font nullfont!
Missing character: There is no а ("430) in font nullfont!
Missing character: There is no з ("437) in font nullfont!
Missing character: There is no л ("43B) in font nullfont!
Missing character: There is no и ("438) in font nullfont!
Missing character: There is no ч ("447) in font nullfont!
Missing character: There is no н ("43D) in font nullfont!
Missing character: There is no ы ("44B) in font nullfont!
Missing character: There is no м ("43C) in font nullfont!
Missing character: There is no и ("438) in font nullfont!
Missing character: There is no в ("432) in font nullfont!
Missing character: There is no е ("435) in font nullfont!
Missing character: There is no р ("440) in font nullfont!
Missing character: There is no с ("441) in font nullfont!
Missing character: There is no и ("438) in font nullfont!
Missing character: There is no я ("44F) in font nullfont!
Missing character: There is no м ("43C) in font nullfont!
Missing character: There is no и ("438) in font nullfont!
Missing character: There is no A ("41) in font nullfont!
Missing character: There is no n ("6E) in font nullfont!
Missing character: There is no d ("64) in font nullfont!
Missing character: There is no r ("72) in font nullfont!
Missing character: There is no o ("6F) in font nullfont!
Missing character: There is no i ("69) in font nullfont!
Missing character: There is no d ("64) in font nullfont!
Missing character: There is no . ("2E) in font nullfont!
! Undefined control sequence.
l.16 \subsection
                {План тестирования}
The control sequence at the end of the top line
of your error message was never \def'ed. If you have
misspelled it (e.g., `\hobx'), type `I' and the correct
spelling (e.g., `I\hbox'). Otherwise just continue,
and I'll forget about whatever was undefined.

Missing character: There is no П ("41F) in font nullfont!
Missing character: There is no л ("43B) in font nullfont!
Missing character: There is no а ("430) in font nullfont!
Missing character: There is no н ("43D) in font nullfont!
Missing character: There is no т ("442) in font nullfont!
Missing character: There is no е ("435) in font nullfont!
Missing character: There is no с ("441) in font nullfont!
Missing character: There is no т ("442) in font nullfont!
Missing character: There is no и ("438) in font nullfont!
Missing character: There is no р ("440) in font nullfont!
Missing character: There is no о ("43E) in font nullfont!
Missing character: There is no в ("432) in font nullfont!
Missing character: There is no а ("430) in font nullfont!
Missing character: There is no н ("43D) in font nullfont!
Missing character: There is no и ("438) in font nullfont!
Missing character: There is no я ("44F) in font nullfont!

Overfull \hbox (20.0pt too wide) in paragraph at lines 16--17
[]
 []

Missing character: There is no Т ("422) in font nullfont!
Missing character: There is no е ("435) in font nullfont!
Missing character: There is no с ("441) in font nullfont!
Missing character: There is no т ("442) in font nullfont!
Missing character: There is no и ("438) in font nullfont!
Missing character: There is no р ("440) in font nullfont!
Missing character: There is no о ("43E) in font nullfont!
Missing character: There is no в ("432) in font nullfont!
Missing character: There is no а ("430) in font nullfont!
Missing character: There is no н ("43D) in font nullfont!
Missing character: There is no и ("438) in font nullfont!
Missing character: There is no е ("435) in font nullfont!
Missing character: There is no п ("43F) in font nullfont!
Missing character: There is no р ("440) in font nullfont!
Missing character: There is no о ("43E) in font nullfont!
Missing character: There is no в ("432) in font nullfont!
Missing character: There is no о ("43E) in font nullfont!
Missing character: There is no д ("434) in font nullfont!
Missing character: There is no и ("438) in font nullfont!
Missing character: There is no л ("43B) in font nullfont!
Missing character: There is no о ("43E) in font nullfont!
Missing character: There is no с ("441) in font nullfont!
Missing character: There is no ь ("44C) in font nullfont!
Missing character: There is no н ("43D) in font nullfont!
Missing character: There is no а ("430) in font nullfont!
Missing character: There is no с ("441) in font nullfont!
Missing character: There is no л ("43B) in font nullfont!
Missing character: There is no е ("435) in font nullfont!
Missing character: There is no д ("434) in font nullfont!
Missing character: There is no у ("443) in font nullfont!
Missing character: There is no ю ("44E) in font nullfont!
Missing character: There is no щ ("449) in font nullfont!
Missing character: There is no и ("438) in font nullfont!
Missing character: There is no х ("445) in font nullfont!
Missing character: There is no у ("443) in font nullfont!
Missing character: There is no с ("441) in font nullfont!
Missing character: There is no т ("442) in font nullfont!
Missing character: There is no р ("440) in font nullfont!
Missing character: There is no о ("43E) in font nullfont!
Missing character: There is no й ("439) in font nullfont!
Missing character: There is no с ("441) in font nullfont!
Missing character: There is no т ("442) in font nullfont!
Missing character: There is no в ("432) in font nullfont!
Missing character: There is no а ("430) in font nullfont!
Missing character: There is no х ("445) in font nullfont!
Missing character: There is no : ("3A) in font nullfont!

Overfull \hbox (20.0pt too wide) in paragraph at lines 18--19
[]
 []

Missing character: There is no э ("44D) in font nullfont!
Missing character: There is no м ("43C) in font nullfont!
Missing character: There is no у ("443) in font nullfont!
Missing character: There is no л ("43B) in font nullfont!
Missing character: There is no я ("44F) in font nullfont!
Missing character: There is no т ("442) in font nullfont!
Missing character: There is no о ("43E) in font nullfont!
Missing character: There is no р ("440) in font nullfont!
Missing character: There is no A ("41) in font nullfont!
Missing character: There is no n ("6E) in font nullfont!
Missing character: There is no d ("64) in font nullfont!
Missing character: There is no r ("72) in font nullfont!
Missing character: There is no o ("6F) in font nullfont!
Missing character: There is no i ("69) in font nullfont!
Missing character: There is no d ("64) in font nullfont!
Missing character: There is no P ("50) in font nullfont!
Missing character: There is no i ("69) in font nullfont!
Missing character: There is no x ("78) in font nullfont!
Missing character: There is no e ("65) in font nullfont!
Missing character: There is no l ("6C) in font nullfont!
Missing character: There is no 4 ("34) in font nullfont!
Missing character: There is no ( ("28) in font nullfont!
Missing character: There is no A ("41) in font nullfont!
Missing character: There is no n ("6E) in font nullfont!
Missing character: There is no d ("64) in font nullfont!
Missing character: There is no r ("72) in font nullfont!
Missing character: There is no o ("6F) in font nullfont!
Missing character: There is no i ("69) in font nullfont!
Missing character: There is no d ("64) in font nullfont!
Missing character: There is no 1 ("31) in font nullfont!
Missing character: There is no 1 ("31) in font nullfont!
Missing character: There is no , ("2C) in font nullfont!
Missing character: There is no A ("41) in font nullfont!
Missing character: There is no P ("50) in font nullfont!
Missing character: There is no I ("49) in font nullfont!
Missing character: There is no 3 ("33) in font nullfont!
Missing character: There is no 0 ("30) in font nullfont!
Missing character: There is no ) ("29) in font nullfont!
Missing character: There is no ; ("3B) in font nullfont!
Missing character: There is no э ("44D) in font nullfont!
Missing character: There is no м ("43C) in font nullfont!
Missing character: There is no у ("443) in font nullfont!
Missing character: There is no л ("43B) in font nullfont!
Missing character: There is no я ("44F) in font nullfont!
Missing character: There is no т ("442) in font nullfont!
Missing character: There is no о ("43E) in font nullfont!
Missing character: There is no р ("440) in font nullfont!
Missing character: There is no A ("41) in font nullfont!
Missing character: There is no n ("6E) in font nullfont!
Missing character: There is no d ("64) in font nullfont!
Missing character: There is no r ("72) in font nullfont!
Missing character: There is no o ("6F) in font nullfont!
Missing character: There is no i ("69) in font nullfont!
Missing character: There is no d ("64) in font nullfont!
Missing character: There is no P ("50) in font nullfont!
Missing character: There is no i ("69) in font nullfont!
Missing character: There is no x ("78) in font nullfont!
Missing character: There is no e ("65) in font nullfont!
Missing character: There is no l ("6C) in font nullfont!
Missing character: There is no 6 ("36) in font nullfont!
Missing character: There is no ( ("28) in font nullfont!
Missing character: There is no A ("41) in font nullfont!
Missing character: There is no n ("6E) in font nullfont!
Missing character: There is no d ("64) in font nullfont!
Missing character: There is no r ("72) in font nullfont!
Missing character: There is no o ("6F) in font nullfont!
Missing character: There is no i ("69) in font nullfont!
Missing character: There is no d ("64) in font nullfont!
Missing character: There is no 1 ("31) in font nullfont!
Missing character: There is no 3 ("33) in font nullfont!
Missing character: There is no , ("2C) in font nullfont!
Missing character: There is no A ("41) in font nullfont!
Missing character: There is no P ("50) in font nullfont!
Missing character: There is no I ("49) in font nullfont!
Missing character: There is no 3 ("33) in font nullfont!
Missing character: There is no 3 ("33) in font nullfont!
Missing character: There is no ) ("29) in font nullfont!
Missing character: There is no ; ("3B) in font nullfont!
Missing character: There is no ф ("444) in font nullfont!
Missing character: There is no и ("438) in font nullfont!
Missing character: There is no з ("437) in font nullfont!
Missing character: There is no и ("438) in font nullfont!
Missing character: There is no ч ("447) in font nullfont!
Missing character: There is no е ("435) in font nullfont!
Missing character: There is no с ("441) in font nullfont!
Missing character: There is no к ("43A) in font nullfont!
Missing character: There is no о ("43E) in font nullfont!
Missing character: There is no е ("435) in font nullfont!
Missing character: There is no у ("443) in font nullfont!
Missing character: There is no с ("441) in font nullfont!
Missing character: There is no т ("442) in font nullfont!
Missing character: There is no р ("440) in font nullfont!
Missing character: There is no о ("43E) in font nullfont!
Missing character: There is no й ("439) in font nullfont!
Missing character: There is no с ("441) in font nullfont!
Missing character: There is no т ("442) in font nullfont!
Missing character: There is no в ("432) in font nullfont!
Missing character: There is no о ("43E) in font nullfont!
Missing character: There is no S ("53) in font nullfont!
Missing character: There is no a ("61) in font nullfont!
Missing character: There is no m ("6D) in font nullfont!
Missing character: There is no s ("73) in font nullfont!
Missing character: There is no u ("75) in font nullfont!
Missing character: There is no n ("6E) in font nullfont!
Missing character: There is no g ("67) in font nullfont!
Missing character: There is no G ("47) in font nullfont!
Missing character: There is no a ("61) in font nullfont!
Missing character: There is no l ("6C) in font nullfont!
Missing character: There is no a ("61) in font nullfont!
Missing character: There is no x ("78) in font nullfont!
Missing character: There is no y ("79) in font nullfont!
Missing character: There is no A ("41) in font nullfont!
Missing character: There is no 5 ("35) in font nullfont!
Missing character: There is no 1 ("31) in font nullfont!
Missing character: There is no ( ("28) in font nullfont!
Missing character: There is no A ("41) in font nullfont!
Missing character: There is no n ("6E) in font nullfont!
Missing character: There is no d ("64) in font nullfont!
Missing character: There is no r ("72) in font nullfont!
Missing character: There is no o ("6F) in font nullfont!
Missing character: There is no i ("69) in font nullfont!
Missing character: There is no d ("64) in font nullfont!
Missing character: There is no 1 ("31) in font nullfont!
Missing character: There is no 2 ("32) in font nullfont!
Missing character: There is no ) ("29) in font nullfont!
Missing character: There is no ; ("3B) in font nullfont!
Missing character: There is no ф ("444) in font nullfont!
Missing character: There is no и ("438) in font nullfont!
Missing character: There is no з ("437) in font nullfont!
Missing character: There is no и ("438) in font nullfont!
Missing character: There is no ч ("447) in font nullfont!
Missing character: There is no е ("435) in font nullfont!
Missing character: There is no с ("441) in font nullfont!
Missing character: There is no к ("43A) in font nullfont!
Missing character: There is no о ("43E) in font nullfont!
Missing character: There is no е ("435) in font nullfont!
Missing character: There is no у ("443) in font nullfont!
Missing character: There is no с ("441) in font nullfont!
Missing character: There is no т ("442) in font nullfont!
Missing character: There is no р ("440) in font nullfont!
Missing character: There is no о ("43E) in font nullfont!
Missing character: There is no й ("439) in font nullfont!
Missing character: There is no с ("441) in font nullfont!
Missing character: There is no т ("442) in font nullfont!
Missing character: There is no в ("432) in font nullfont!
Missing character: There is no о ("43E) in font nullfont!
Missing character: There is no X ("58) in font nullfont!
Missing character: There is no i ("69) in font nullfont!
Missing character: There is no a ("61) in font nullfont!
Missing character: There is no o ("6F) in font nullfont!
Missing character: There is no m ("6D) in font nullfont!
Missing character: There is no i ("69) in font nullfont!
Missing character: There is no R ("52) in font nullfont!
Missing character: There is no e ("65) in font nullfont!
Missing character: There is no d ("64) in font nullfont!
Missing character: There is no m ("6D) in font nullfont!
Missing character: There is no i ("69) in font nullfont!
Missing character: There is no N ("4E) in font nullfont!
Missing character: There is no o ("6F) in font nullfont!
Missing character: There is no t ("74) in font nullfont!
Missing character: There is no e ("65) in font nullfont!
Missing character: There is no 9 ("39) in font nullfont!
Missing character: There is no ( ("28) in font nullfont!
Missing character: There is no A ("41) in font nullfont!
Missing character: There is no n ("6E) in font nullfont!
Missing character: There is no d ("64) in font nullfont!
Missing character: There is no r ("72) in font nullfont!
Missing character: There is no o ("6F) in font nullfont!
Missing character: There is no i ("69) in font nullfont!
Missing character: There is no d ("64) in font nullfont!
Missing character: There is no 1 ("31) in font nullfont!
Missing character: There is no 1 ("31) in font nullfont!
Missing character: There is no ) ("29) in font nullfont!
Missing character: There is no ; ("3B) in font nullfont!
Missing character: There is no ф ("444) in font nullfont!
Missing character: There is no и ("438) in font nullfont!
Missing character: There is no з ("437) in font nullfont!
Missing character: There is no и ("438) in font nullfont!
Missing character: There is no ч ("447) in font nullfont!
Missing character: There is no е ("435) in font nullfont!
Missing character: There is no с ("441) in font nullfont!
Missing character: There is no к ("43A) in font nullfont!
Missing character: There is no о ("43E) in font nullfont!
Missing character: There is no е ("435) in font nullfont!
Missing character: There is no у ("443) in font nullfont!
Missing character: There is no с ("441) in font nullfont!
Missing character: There is no т ("442) in font nullfont!
Missing character: There is no р ("440) in font nullfont!
Missing character: There is no о ("43E) in font nullfont!
Missing character: There is no й ("439) in font nullfont!
Missing character: There is no с ("441) in font nullfont!
Missing character: There is no т ("442) in font nullfont!
Missing character: There is no в ("432) in font nullfont!
Missing character: There is no о ("43E) in font nullfont!
Missing character: There is no G ("47) in font nullfont!
Missing character: There is no o ("6F) in font nullfont!
Missing character: There is no o ("6F) in font nullfont!
Missing character: There is no g ("67) in font nullfont!
Missing character: There is no l ("6C) in font nullfont!
Missing character: There is no e ("65) in font nullfont!
Missing character: There is no P ("50) in font nullfont!
Missing character: There is no i ("69) in font nullfont!
Missing character: There is no x ("78) in font nullfont!
Missing character: There is no e ("65) in font nullfont!
Missing character: There is no l ("6C) in font nullfont!
Missing character: There is no 3 ("33) in font nullfont!
Missing character: There is no ( ("28) in font nullfont!
Missing character: There is no A ("41) in font nullfont!
Missing character: There is no n ("6E) in font nullfont!
Missing character: There is no d ("64) in font nullfont!
Missing character: There is no r ("72) in font nullfont!
Missing character: There is no o ("6F) in font nullfont!
Missing character: There is no i ("69) in font nullfont!
Missing character: There is no d ("64) in font nullfont!
Missing character: There is no 1 ("31) in font nullfont!
Missing character: There is no 0 ("30) in font nullfont!
Missing character: There is no ) ("29) in font nullfont!
Missing character: There is no . ("2E) in font nullfont!
! Undefined control sequence.
l.27 \subsection
                {Функциональное тестирование}
The control sequence at the end of the top line
of your error message was never \def'ed. If you have
misspelled it (e.g., `\hobx'), type `I' and the correct
spelling (e.g., `I\hbox'). Otherwise just continue,
and I'll forget about whatever was undefined.

Missing character: There is no Ф ("424) in font nullfont!
Missing character: There is no у ("443) in font nullfont!
Missing character: There is no н ("43D) in font nullfont!
Missing character: There is no к ("43A) in font nullfont!
Missing character: There is no ц ("446) in font nullfont!
Missing character: There is no и ("438) in font nullfont!
Missing character: There is no о ("43E) in font nullfont!
Missing character: There is no н ("43D) in font nullfont!
Missing character: There is no а ("430) in font nullfont!
Missing character: There is no л ("43B) in font nullfont!
Missing character: There is no ь ("44C) in font nullfont!
Missing character: There is no н ("43D) in font nullfont!
Missing character: There is no о ("43E) in font nullfont!
Missing character: There is no е ("435) in font nullfont!
Missing character: There is no т ("442) in font nullfont!
Missing character: There is no е ("435) in font nullfont!
Missing character: There is no с ("441) in font nullfont!
Missing character: There is no т ("442) in font nullfont!
Missing character: There is no и ("438) in font nullfont!
Missing character: There is no р ("440) in font nullfont!
Missing character: There is no о ("43E) in font nullfont!
Missing character: There is no в ("432) in font nullfont!
Missing character: There is no а ("430) in font nullfont!
Missing character: There is no н ("43D) in font nullfont!
Missing character: There is no и ("438) in font nullfont!
Missing character: There is no е ("435) in font nullfont!

Overfull \hbox (20.0pt too wide) in paragraph at lines 27--28
[]
 []

Missing character: There is no В ("412) in font nullfont!
Missing character: There is no т ("442) in font nullfont!
Missing character: There is no а ("430) in font nullfont!
Missing character: There is no б ("431) in font nullfont!
Missing character: There is no л ("43B) in font nullfont!
Missing character: There is no и ("438) in font nullfont!
Missing character: There is no ц ("446) in font nullfont!
Missing character: There is no е ("435) in font nullfont!
! Undefined control sequence.
<write> ...ence `tab:test_cases' on page \thepage 
                                                  \space undefined\on@line .^^J
l.29 В таблице \ref{tab:test_cases}
                                    приведены тестовые сценарии для проверки...
The control sequence at the end of the top line
of your error message was never \def'ed. If you have
misspelled it (e.g., `\hobx'), type `I' and the correct
spelling (e.g., `I\hbox'). Otherwise just continue,
and I'll forget about whatever was undefined.


LaTeX Warning: Reference `tab:test_cases' on page  undefined on input line 29.

Missing character: There is no п ("43F) in font nullfont!
Missing character: There is no р ("440) in font nullfont!
Missing character: There is no и ("438) in font nullfont!
Missing character: There is no в ("432) in font nullfont!
Missing character: There is no е ("435) in font nullfont!
Missing character: There is no д ("434) in font nullfont!
Missing character: There is no е ("435) in font nullfont!
Missing character: There is no н ("43D) in font nullfont!
Missing character: There is no ы ("44B) in font nullfont!
Missing character: There is no т ("442) in font nullfont!
Missing character: There is no е ("435) in font nullfont!
Missing character: There is no с ("441) in font nullfont!
Missing character: There is no т ("442) in font nullfont!
Missing character: There is no о ("43E) in font nullfont!
Missing character: There is no в ("432) in font nullfont!
Missing character: There is no ы ("44B) in font nullfont!
Missing character: There is no е ("435) in font nullfont!
Missing character: There is no с ("441) in font nullfont!
Missing character: There is no ц ("446) in font nullfont!
Missing character: There is no е ("435) in font nullfont!
Missing character: There is no н ("43D) in font nullfont!
Missing character: There is no а ("430) in font nullfont!
Missing character: There is no р ("440) in font nullfont!
Missing character: There is no и ("438) in font nullfont!
Missing character: There is no и ("438) in font nullfont!
Missing character: There is no д ("434) in font nullfont!
Missing character: There is no л ("43B) in font nullfont!
Missing character: There is no я ("44F) in font nullfont!
Missing character: There is no п ("43F) in font nullfont!
Missing character: There is no р ("440) in font nullfont!
Missing character: There is no о ("43E) in font nullfont!
Missing character: There is no в ("432) in font nullfont!
Missing character: There is no е ("435) in font nullfont!
Missing character: There is no р ("440) in font nullfont!
Missing character: There is no к ("43A) in font nullfont!
Missing character: There is no и ("438) in font nullfont!
Missing character: There is no ф ("444) in font nullfont!
Missing character: There is no у ("443) in font nullfont!
Missing character: There is no н ("43D) in font nullfont!
Missing character: There is no к ("43A) in font nullfont!
Missing character: There is no ц ("446) in font nullfont!
Missing character: There is no и ("438) in font nullfont!
Missing character: There is no о ("43E) in font nullfont!
Missing character: There is no н ("43D) in font nullfont!
Missing character: There is no а ("430) in font nullfont!
Missing character: There is no л ("43B) in font nullfont!
Missing character: There is no ь ("44C) in font nullfont!
Missing character: There is no н ("43D) in font nullfont!
Missing character: There is no ы ("44B) in font nullfont!
Missing character: There is no х ("445) in font nullfont!
Missing character: There is no т ("442) in font nullfont!
Missing character: There is no р ("440) in font nullfont!
Missing character: There is no е ("435) in font nullfont!
Missing character: There is no б ("431) in font nullfont!
Missing character: There is no о ("43E) in font nullfont!
Missing character: There is no в ("432) in font nullfont!
Missing character: There is no а ("430) in font nullfont!
Missing character: There is no н ("43D) in font nullfont!
Missing character: There is no и ("438) in font nullfont!
Missing character: There is no й ("439) in font nullfont!
Missing character: There is no . ("2E) in font nullfont!

Overfull \hbox (20.0pt too wide) in paragraph at lines 29--30
[]
 []


Overfull \hbox (10.86pt too wide) in paragraph at lines 29--30
[]
 []


! LaTeX Error: Environment longtable undefined.

See the LaTeX manual or LaTeX Companion for explanation.
Type  H <return>  for immediate help.
 ...                                              
                                                  
l.32 \begin{longtable}
                      {|p{1.5cm}|p{4cm}|p{3cm}|p{3cm}|p{2.5cm}|}
Your command was ignored.
Type  I <command> <return>  to replace it with another command,
or  <return>  to continue without it.

Missing character: There is no | ("7C) in font nullfont!
Missing character: There is no p ("70) in font nullfont!
Missing character: There is no 1 ("31) in font nullfont!
Missing character: There is no . ("2E) in font nullfont!
Missing character: There is no 5 ("35) in font nullfont!
Missing character: There is no c ("63) in font nullfont!
Missing character: There is no m ("6D) in font nullfont!
Missing character: There is no | ("7C) in font nullfont!
Missing character: There is no p ("70) in font nullfont!
Missing character: There is no 4 ("34) in font nullfont!
Missing character: There is no c ("63) in font nullfont!
Missing character: There is no m ("6D) in font nullfont!
Missing character: There is no | ("7C) in font nullfont!
Missing character: There is no p ("70) in font nullfont!
Missing character: There is no 3 ("33) in font nullfont!
Missing character: There is no c ("63) in font nullfont!
Missing character: There is no m ("6D) in font nullfont!
Missing character: There is no | ("7C) in font nullfont!
Missing character: There is no p ("70) in font nullfont!
Missing character: There is no 3 ("33) in font nullfont!
Missing character: There is no c ("63) in font nullfont!
Missing character: There is no m ("6D) in font nullfont!
Missing character: There is no | ("7C) in font nullfont!
Missing character: There is no p ("70) in font nullfont!
Missing character: There is no 2 ("32) in font nullfont!
Missing character: There is no . ("2E) in font nullfont!
Missing character: There is no 5 ("35) in font nullfont!
Missing character: There is no c ("63) in font nullfont!
Missing character: There is no m ("6D) in font nullfont!
Missing character: There is no | ("7C) in font nullfont!
! Misplaced \noalign.
\hline ->\noalign 
                  {\ifnum 0=`}\fi \hrule \@height \arrayrulewidth \futurelet...
l.33 ^^I\hline
              
I expect to see \noalign only after the \cr of
an alignment. Proceed, and I'll ignore this case.


Overfull \hbox (20.0pt too wide) in paragraph at lines 32--33
[] 
 []

! Misplaced alignment tab character &.
l.34 ^^I\textbf{ID} &
                      \textbf{Сценарий} & \textbf{Ожидаемый результат} & \te...
I can't figure out why you would want to use a tab mark
here. If you just want an ampersand, the remedy is
simple: Just type `I\&' now. But if some right brace
up above has ended a previous alignment prematurely,
you're probably due for more error messages, and you
might try typing `S' now just to see what is salvageable.

Missing character: There is no С (U+0421) in font [lmroman10-bold]:mapping=tex-
text;!
Missing character: There is no ц (U+0446) in font [lmroman10-bold]:mapping=tex-
text;!
Missing character: There is no е (U+0435) in font [lmroman10-bold]:mapping=tex-
text;!
Missing character: There is no н (U+043D) in font [lmroman10-bold]:mapping=tex-
text;!
Missing character: There is no а (U+0430) in font [lmroman10-bold]:mapping=tex-
text;!
Missing character: There is no р (U+0440) in font [lmroman10-bold]:mapping=tex-
text;!
Missing character: There is no и (U+0438) in font [lmroman10-bold]:mapping=tex-
text;!
Missing character: There is no й (U+0439) in font [lmroman10-bold]:mapping=tex-
text;!
! Misplaced alignment tab character &.
l.34 ^^I\textbf{ID} & \textbf{Сценарий} &
                                          \textbf{Ожидаемый результат} & \te...
I can't figure out why you would want to use a tab mark
here. If you just want an ampersand, the remedy is
simple: Just type `I\&' now. But if some right brace
up above has ended a previous alignment prematurely,
you're probably due for more error messages, and you
might try typing `S' now just to see what is salvageable.

Missing character: There is no О (U+041E) in font [lmroman10-bold]:mapping=tex-
text;!
Missing character: There is no ж (U+0436) in font [lmroman10-bold]:mapping=tex-
text;!
Missing character: There is no и (U+0438) in font [lmroman10-bold]:mapping=tex-
text;!
Missing character: There is no д (U+0434) in font [lmroman10-bold]:mapping=tex-
text;!
Missing character: There is no а (U+0430) in font [lmroman10-bold]:mapping=tex-
text;!
Missing character: There is no е (U+0435) in font [lmroman10-bold]:mapping=tex-
text;!
Missing character: There is no м (U+043C) in font [lmroman10-bold]:mapping=tex-
text;!
Missing character: There is no ы (U+044B) in font [lmroman10-bold]:mapping=tex-
text;!
Missing character: There is no й (U+0439) in font [lmroman10-bold]:mapping=tex-
text;!
Missing character: There is no р (U+0440) in font [lmroman10-bold]:mapping=tex-
text;!
Missing character: There is no е (U+0435) in font [lmroman10-bold]:mapping=tex-
text;!
Missing character: There is no з (U+0437) in font [lmroman10-bold]:mapping=tex-
text;!
Missing character: There is no у (U+0443) in font [lmroman10-bold]:mapping=tex-
text;!
Missing character: There is no л (U+043B) in font [lmroman10-bold]:mapping=tex-
text;!
Missing character: There is no ь (U+044C) in font [lmroman10-bold]:mapping=tex-
text;!
Missing character: There is no т (U+0442) in font [lmroman10-bold]:mapping=tex-
text;!
Missing character: There is no а (U+0430) in font [lmroman10-bold]:mapping=tex-
text;!
Missing character: There is no т (U+0442) in font [lmroman10-bold]:mapping=tex-
text;!
! Misplaced alignment tab character &.
l.34 ...Сценарий} & \textbf{Ожидаемый результат} &
                                                   \textbf{Фактический резул...
I can't figure out why you would want to use a tab mark
here. If you just want an ampersand, the remedy is
simple: Just type `I\&' now. But if some right brace
up above has ended a previous alignment prematurely,
you're probably due for more error messages, and you
might try typing `S' now just to see what is salvageable.

Missing character: There is no Ф (U+0424) in font [lmroman10-bold]:mapping=tex-
text;!
Missing character: There is no а (U+0430) in font [lmroman10-bold]:mapping=tex-
text;!
Missing character: There is no к (U+043A) in font [lmroman10-bold]:mapping=tex-
text;!
Missing character: There is no т (U+0442) in font [lmroman10-bold]:mapping=tex-
text;!
Missing character: There is no и (U+0438) in font [lmroman10-bold]:mapping=tex-
text;!
Missing character: There is no ч (U+0447) in font [lmroman10-bold]:mapping=tex-
text;!
Missing character: There is no е (U+0435) in font [lmroman10-bold]:mapping=tex-
text;!
Missing character: There is no с (U+0441) in font [lmroman10-bold]:mapping=tex-
text;!
Missing character: There is no к (U+043A) in font [lmroman10-bold]:mapping=tex-
text;!
Missing character: There is no и (U+0438) in font [lmroman10-bold]:mapping=tex-
text;!
Missing character: There is no й (U+0439) in font [lmroman10-bold]:mapping=tex-
text;!
Missing character: There is no р (U+0440) in font [lmroman10-bold]:mapping=tex-
text;!
Missing character: There is no е (U+0435) in font [lmroman10-bold]:mapping=tex-
text;!
Missing character: There is no з (U+0437) in font [lmroman10-bold]:mapping=tex-
text;!
Missing character: There is no у (U+0443) in font [lmroman10-bold]:mapping=tex-
text;!
Missing character: There is no л (U+043B) in font [lmroman10-bold]:mapping=tex-
text;!
Missing character: There is no ь (U+044C) in font [lmroman10-bold]:mapping=tex-
text;!
Missing character: There is no т (U+0442) in font [lmroman10-bold]:mapping=tex-
text;!
Missing character: There is no а (U+0430) in font [lmroman10-bold]:mapping=tex-
text;!
Missing character: There is no т (U+0442) in font [lmroman10-bold]:mapping=tex-
text;!
! Misplaced alignment tab character &.
l.34 ...ультат} & \textbf{Фактический результат} &
                                                   \textbf{Статус} \\
I can't figure out why you would want to use a tab mark
here. If you just want an ampersand, the remedy is
simple: Just type `I\&' now. But if some right brace
up above has ended a previous alignment prematurely,
you're probably due for more error messages, and you
might try typing `S' now just to see what is salvageable.

Missing character: There is no С (U+0421) in font [lmroman10-bold]:mapping=tex-
text;!
Missing character: There is no т (U+0442) in font [lmroman10-bold]:mapping=tex-
text;!
Missing character: There is no а (U+0430) in font [lmroman10-bold]:mapping=tex-
text;!
Missing character: There is no т (U+0442) in font [lmroman10-bold]:mapping=tex-
text;!
Missing character: There is no у (U+0443) in font [lmroman10-bold]:mapping=tex-
text;!
Missing character: There is no с (U+0441) in font [lmroman10-bold]:mapping=tex-
text;!
! Misplaced \noalign.
\hline ->\noalign 
                  {\ifnum 0=`}\fi \hrule \@height \arrayrulewidth \futurelet...
l.35 ^^I\hline
              
I expect to see \noalign only after the \cr of
an alignment. Proceed, and I'll ignore this case.


Overfull \hbox (33.18001pt too wide) in paragraph at lines 34--35
[]\TU/lmr/bx/n/10 ID
 []


Overfull \hbox (22.4pt too wide) in paragraph at lines 34--35
\TU/lmr/bx/n/10 Сценарий
 []


Overfull \hbox (25.2pt too wide) in paragraph at lines 34--35
\TU/lmr/bx/n/10 Ожидаемый
 []


Overfull \hbox (25.2pt too wide) in paragraph at lines 34--35
\TU/lmr/bx/n/10 результат
 []


Overfull \hbox (30.8pt too wide) in paragraph at lines 34--35
\TU/lmr/bx/n/10 Фактический
 []


Overfull \hbox (25.2pt too wide) in paragraph at lines 34--35
\TU/lmr/bx/n/10 результат
 []


Overfull \hbox (16.8pt too wide) in paragraph at lines 34--35
\TU/lmr/bx/n/10 Статус 
 []

Missing character: There is no T ("54) in font nullfont!
Missing character: There is no C ("43) in font nullfont!
Missing character: There is no - ("2D) in font nullfont!
Missing character: There is no 0 ("30) in font nullfont!
Missing character: There is no 1 ("31) in font nullfont!
! Misplaced alignment tab character &.
l.36 ^^ITC-01 &
                Регистрация нового пользователя с корректными данными & Поль...
I can't figure out why you would want to use a tab mark
here. If you just want an ampersand, the remedy is
simple: Just type `I\&' now. But if some right brace
up above has ended a previous alignment prematurely,
you're probably due for more error messages, and you
might try typing `S' now just to see what is salvageable.

Missing character: There is no Р ("420) in font nullfont!
Missing character: There is no е ("435) in font nullfont!
Missing character: There is no г ("433) in font nullfont!
Missing character: There is no и ("438) in font nullfont!
Missing character: There is no с ("441) in font nullfont!
Missing character: There is no т ("442) in font nullfont!
Missing character: There is no р ("440) in font nullfont!
Missing character: There is no а ("430) in font nullfont!
Missing character: There is no ц ("446) in font nullfont!
Missing character: There is no и ("438) in font nullfont!
Missing character: There is no я ("44F) in font nullfont!
Missing character: There is no н ("43D) in font nullfont!
Missing character: There is no о ("43E) in font nullfont!
Missing character: There is no в ("432) in font nullfont!
Missing character: There is no о ("43E) in font nullfont!
Missing character: There is no г ("433) in font nullfont!
Missing character: There is no о ("43E) in font nullfont!
Missing character: There is no п ("43F) in font nullfont!
Missing character: There is no о ("43E) in font nullfont!
Missing character: There is no л ("43B) in font nullfont!
Missing character: There is no ь ("44C) in font nullfont!
Missing character: There is no з ("437) in font nullfont!
Missing character: There is no о ("43E) in font nullfont!
Missing character: There is no в ("432) in font nullfont!
Missing character: There is no а ("430) in font nullfont!
Missing character: There is no т ("442) in font nullfont!
Missing character: There is no е ("435) in font nullfont!
Missing character: There is no л ("43B) in font nullfont!
Missing character: There is no я ("44F) in font nullfont!
Missing character: There is no с ("441) in font nullfont!
Missing character: There is no к ("43A) in font nullfont!
Missing character: There is no о ("43E) in font nullfont!
Missing character: There is no р ("440) in font nullfont!
Missing character: There is no р ("440) in font nullfont!
Missing character: There is no е ("435) in font nullfont!
Missing character: There is no к ("43A) in font nullfont!
Missing character: There is no т ("442) in font nullfont!
Missing character: There is no н ("43D) in font nullfont!
Missing character: There is no ы ("44B) in font nullfont!
Missing character: There is no м ("43C) in font nullfont!
Missing character: There is no и ("438) in font nullfont!
Missing character: There is no д ("434) in font nullfont!
Missing character: There is no а ("430) in font nullfont!
Missing character: There is no н ("43D) in font nullfont!
Missing character: There is no н ("43D) in font nullfont!
Missing character: There is no ы ("44B) in font nullfont!
Missing character: There is no м ("43C) in font nullfont!
Missing character: There is no и ("438) in font nullfont!
! Misplaced alignment tab character &.
l.36 ...ового пользователя с корректными данными &
                                                   Пользователь зарегистриро...
I can't figure out why you would want to use a tab mark
here. If you just want an ampersand, the remedy is
simple: Just type `I\&' now. But if some right brace
up above has ended a previous alignment prematurely,
you're probably due for more error messages, and you
might try typing `S' now just to see what is salvageable.

Missing character: There is no П ("41F) in font nullfont!
Missing character: There is no о ("43E) in font nullfont!
Missing character: There is no л ("43B) in font nullfont!
Missing character: There is no ь ("44C) in font nullfont!
Missing character: There is no з ("437) in font nullfont!
Missing character: There is no о ("43E) in font nullfont!
Missing character: There is no в ("432) in font nullfont!
Missing character: There is no а ("430) in font nullfont!
Missing character: There is no т ("442) in font nullfont!
Missing character: There is no е ("435) in font nullfont!
Missing character: There is no л ("43B) in font nullfont!
Missing character: There is no ь ("44C) in font nullfont!
Missing character: There is no з ("437) in font nullfont!
Missing character: There is no а ("430) in font nullfont!
Missing character: There is no р ("440) in font nullfont!
Missing character: There is no е ("435) in font nullfont!
Missing character: There is no г ("433) in font nullfont!
Missing character: There is no и ("438) in font nullfont!
Missing character: There is no с ("441) in font nullfont!
Missing character: There is no т ("442) in font nullfont!
Missing character: There is no р ("440) in font nullfont!
Missing character: There is no и ("438) in font nullfont!
Missing character: There is no р ("440) in font nullfont!
Missing character: There is no о ("43E) in font nullfont!
Missing character: There is no в ("432) in font nullfont!
Missing character: There is no а ("430) in font nullfont!
Missing character: There is no н ("43D) in font nullfont!
Missing character: There is no , ("2C) in font nullfont!
Missing character: There is no в ("432) in font nullfont!
Missing character: There is no ы ("44B) in font nullfont!
Missing character: There is no п ("43F) in font nullfont!
Missing character: There is no о ("43E) in font nullfont!
Missing character: There is no л ("43B) in font nullfont!
Missing character: There is no н ("43D) in font nullfont!
Missing character: There is no е ("435) in font nullfont!
Missing character: There is no н ("43D) in font nullfont!
Missing character: There is no а ("430) in font nullfont!
Missing character: There is no в ("432) in font nullfont!
Missing character: There is no т ("442) in font nullfont!
Missing character: There is no о ("43E) in font nullfont!
Missing character: There is no м ("43C) in font nullfont!
Missing character: There is no а ("430) in font nullfont!
Missing character: There is no т ("442) in font nullfont!
Missing character: There is no и ("438) in font nullfont!
Missing character: There is no ч ("447) in font nullfont!
Missing character: There is no е ("435) in font nullfont!
Missing character: There is no с ("441) in font nullfont!
Missing character: There is no к ("43A) in font nullfont!
Missing character: There is no и ("438) in font nullfont!
Missing character: There is no й ("439) in font nullfont!
Missing character: There is no в ("432) in font nullfont!
Missing character: There is no х ("445) in font nullfont!
Missing character: There is no о ("43E) in font nullfont!
Missing character: There is no д ("434) in font nullfont!
! Misplaced alignment tab character &.
l.36 ...истрирован, выполнен автоматический вход &
                                                   Соответствует & ✅ \\
I can't figure out why you would want to use a tab mark
here. If you just want an ampersand, the remedy is
simple: Just type `I\&' now. But if some right brace
up above has ended a previous alignment prematurely,
you're probably due for more error messages, and you
might try typing `S' now just to see what is salvageable.

Missing character: There is no С ("421) in font nullfont!
Missing character: There is no о ("43E) in font nullfont!
Missing character: There is no о ("43E) in font nullfont!
Missing character: There is no т ("442) in font nullfont!
Missing character: There is no в ("432) in font nullfont!
Missing character: There is no е ("435) in font nullfont!
Missing character: There is no т ("442) in font nullfont!
Missing character: There is no с ("441) in font nullfont!
Missing character: There is no т ("442) in font nullfont!
Missing character: There is no в ("432) in font nullfont!
Missing character: There is no у ("443) in font nullfont!
Missing character: There is no е ("435) in font nullfont!
Missing character: There is no т ("442) in font nullfont!
! Misplaced alignment tab character &.
l.36 ...лнен автоматический вход & Соответствует &
                                                   ✅ \\
I can't figure out why you would want to use a tab mark
here. If you just want an ampersand, the remedy is
simple: Just type `I\&' now. But if some right brace
up above has ended a previous alignment prematurely,
you're probably due for more error messages, and you
might try typing `S' now just to see what is salvageable.

Missing character: There is no ✅ ("2705) in font nullfont!
! Misplaced \noalign.
\hline ->\noalign 
                  {\ifnum 0=`}\fi \hrule \@height \arrayrulewidth \futurelet...
l.37 ^^I\hline
              
I expect to see \noalign only after the \cr of
an alignment. Proceed, and I'll ignore this case.


Overfull \hbox (20.0pt too wide) in paragraph at lines 36--37
[]
 []

Missing character: There is no T ("54) in font nullfont!
Missing character: There is no C ("43) in font nullfont!
Missing character: There is no - ("2D) in font nullfont!
Missing character: There is no 0 ("30) in font nullfont!
Missing character: There is no 2 ("32) in font nullfont!
! Misplaced alignment tab character &.
l.38 ^^ITC-02 &
                Регистрация с уже существующим email & Сообщение «Пользовате...
I can't figure out why you would want to use a tab mark
here. If you just want an ampersand, the remedy is
simple: Just type `I\&' now. But if some right brace
up above has ended a previous alignment prematurely,
you're probably due for more error messages, and you
might try typing `S' now just to see what is salvageable.

Missing character: There is no Р ("420) in font nullfont!
Missing character: There is no е ("435) in font nullfont!
Missing character: There is no г ("433) in font nullfont!
Missing character: There is no и ("438) in font nullfont!
Missing character: There is no с ("441) in font nullfont!
Missing character: There is no т ("442) in font nullfont!
Missing character: There is no р ("440) in font nullfont!
Missing character: There is no а ("430) in font nullfont!
Missing character: There is no ц ("446) in font nullfont!
Missing character: There is no и ("438) in font nullfont!
Missing character: There is no я ("44F) in font nullfont!
Missing character: There is no с ("441) in font nullfont!
Missing character: There is no у ("443) in font nullfont!
Missing character: There is no ж ("436) in font nullfont!
Missing character: There is no е ("435) in font nullfont!
Missing character: There is no с ("441) in font nullfont!
Missing character: There is no у ("443) in font nullfont!
Missing character: There is no щ ("449) in font nullfont!
Missing character: There is no е ("435) in font nullfont!
Missing character: There is no с ("441) in font nullfont!
Missing character: There is no т ("442) in font nullfont!
Missing character: There is no в ("432) in font nullfont!
Missing character: There is no у ("443) in font nullfont!
Missing character: There is no ю ("44E) in font nullfont!
Missing character: There is no щ ("449) in font nullfont!
Missing character: There is no и ("438) in font nullfont!
Missing character: There is no м ("43C) in font nullfont!
Missing character: There is no e ("65) in font nullfont!
Missing character: There is no m ("6D) in font nullfont!
Missing character: There is no a ("61) in font nullfont!
Missing character: There is no i ("69) in font nullfont!
Missing character: There is no l ("6C) in font nullfont!
! Misplaced alignment tab character &.
l.38 ...2 & Регистрация с уже существующим email &
                                                   Сообщение «Пользователь у...
I can't figure out why you would want to use a tab mark
here. If you just want an ampersand, the remedy is
simple: Just type `I\&' now. But if some right brace
up above has ended a previous alignment prematurely,
you're probably due for more error messages, and you
might try typing `S' now just to see what is salvageable.

Missing character: There is no С ("421) in font nullfont!
Missing character: There is no о ("43E) in font nullfont!
Missing character: There is no о ("43E) in font nullfont!
Missing character: There is no б ("431) in font nullfont!
Missing character: There is no щ ("449) in font nullfont!
Missing character: There is no е ("435) in font nullfont!
Missing character: There is no н ("43D) in font nullfont!
Missing character: There is no и ("438) in font nullfont!
Missing character: There is no е ("435) in font nullfont!
Missing character: There is no « ("AB) in font nullfont!
Missing character: There is no П ("41F) in font nullfont!
Missing character: There is no о ("43E) in font nullfont!
Missing character: There is no л ("43B) in font nullfont!
Missing character: There is no ь ("44C) in font nullfont!
Missing character: There is no з ("437) in font nullfont!
Missing character: There is no о ("43E) in font nullfont!
Missing character: There is no в ("432) in font nullfont!
Missing character: There is no а ("430) in font nullfont!
Missing character: There is no т ("442) in font nullfont!
Missing character: There is no е ("435) in font nullfont!
Missing character: There is no л ("43B) in font nullfont!
Missing character: There is no ь ("44C) in font nullfont!
Missing character: There is no у ("443) in font nullfont!
Missing character: There is no ж ("436) in font nullfont!
Missing character: There is no е ("435) in font nullfont!
Missing character: There is no с ("441) in font nullfont!
Missing character: There is no у ("443) in font nullfont!
Missing character: There is no щ ("449) in font nullfont!
Missing character: There is no е ("435) in font nullfont!
Missing character: There is no с ("441) in font nullfont!
Missing character: There is no т ("442) in font nullfont!
Missing character: There is no в ("432) in font nullfont!
Missing character: There is no у ("443) in font nullfont!
Missing character: There is no е ("435) in font nullfont!
Missing character: There is no т ("442) in font nullfont!
Missing character: There is no » ("BB) in font nullfont!
! Misplaced alignment tab character &.
l.38 ... Сообщение «Пользователь уже существует» &
                                                   Соответствует & ✅ \\
I can't figure out why you would want to use a tab mark
here. If you just want an ampersand, the remedy is
simple: Just type `I\&' now. But if some right brace
up above has ended a previous alignment prematurely,
you're probably due for more error messages, and you
might try typing `S' now just to see what is salvageable.

Missing character: There is no С ("421) in font nullfont!
Missing character: There is no о ("43E) in font nullfont!
Missing character: There is no о ("43E) in font nullfont!
Missing character: There is no т ("442) in font nullfont!
Missing character: There is no в ("432) in font nullfont!
Missing character: There is no е ("435) in font nullfont!
Missing character: There is no т ("442) in font nullfont!
Missing character: There is no с ("441) in font nullfont!
Missing character: There is no т ("442) in font nullfont!
Missing character: There is no в ("432) in font nullfont!
Missing character: There is no у ("443) in font nullfont!
Missing character: There is no е ("435) in font nullfont!
Missing character: There is no т ("442) in font nullfont!
! Misplaced alignment tab character &.
l.38 ...зователь уже существует» & Соответствует &
                                                   ✅ \\
I can't figure out why you would want to use a tab mark
here. If you just want an ampersand, the remedy is
simple: Just type `I\&' now. But if some right brace
up above has ended a previous alignment prematurely,
you're probably due for more error messages, and you
might try typing `S' now just to see what is salvageable.

Missing character: There is no ✅ ("2705) in font nullfont!
! Misplaced \noalign.
\hline ->\noalign 
                  {\ifnum 0=`}\fi \hrule \@height \arrayrulewidth \futurelet...
l.39 ^^I\hline
              
I expect to see \noalign only after the \cr of
an alignment. Proceed, and I'll ignore this case.


Overfull \hbox (20.0pt too wide) in paragraph at lines 38--39
[]
 []

Missing character: There is no T ("54) in font nullfont!
Missing character: There is no C ("43) in font nullfont!
Missing character: There is no - ("2D) in font nullfont!
Missing character: There is no 0 ("30) in font nullfont!
Missing character: There is no 3 ("33) in font nullfont!
! Misplaced alignment tab character &.
l.40 ^^ITC-03 &
                Регистрация с пустыми полями & Подсветка полей, сообщение об...
I can't figure out why you would want to use a tab mark
here. If you just want an ampersand, the remedy is
simple: Just type `I\&' now. But if some right brace
up above has ended a previous alignment prematurely,
you're probably due for more error messages, and you
might try typing `S' now just to see what is salvageable.

Missing character: There is no Р ("420) in font nullfont!
Missing character: There is no е ("435) in font nullfont!
Missing character: There is no г ("433) in font nullfont!
Missing character: There is no и ("438) in font nullfont!
Missing character: There is no с ("441) in font nullfont!
Missing character: There is no т ("442) in font nullfont!
Missing character: There is no р ("440) in font nullfont!
Missing character: There is no а ("430) in font nullfont!
Missing character: There is no ц ("446) in font nullfont!
Missing character: There is no и ("438) in font nullfont!
Missing character: There is no я ("44F) in font nullfont!
Missing character: There is no с ("441) in font nullfont!
Missing character: There is no п ("43F) in font nullfont!
Missing character: There is no у ("443) in font nullfont!
Missing character: There is no с ("441) in font nullfont!
Missing character: There is no т ("442) in font nullfont!
Missing character: There is no ы ("44B) in font nullfont!
Missing character: There is no м ("43C) in font nullfont!
Missing character: There is no и ("438) in font nullfont!
Missing character: There is no п ("43F) in font nullfont!
Missing character: There is no о ("43E) in font nullfont!
Missing character: There is no л ("43B) in font nullfont!
Missing character: There is no я ("44F) in font nullfont!
Missing character: There is no м ("43C) in font nullfont!
Missing character: There is no и ("438) in font nullfont!
! Misplaced alignment tab character &.
l.40 ^^ITC-03 & Регистрация с пустыми полями &
                                               Подсветка полей, сообщение об...
I can't figure out why you would want to use a tab mark
here. If you just want an ampersand, the remedy is
simple: Just type `I\&' now. But if some right brace
up above has ended a previous alignment prematurely,
you're probably due for more error messages, and you
might try typing `S' now just to see what is salvageable.

Missing character: There is no П ("41F) in font nullfont!
Missing character: There is no о ("43E) in font nullfont!
Missing character: There is no д ("434) in font nullfont!
Missing character: There is no с ("441) in font nullfont!
Missing character: There is no в ("432) in font nullfont!
Missing character: There is no е ("435) in font nullfont!
Missing character: There is no т ("442) in font nullfont!
Missing character: There is no к ("43A) in font nullfont!
Missing character: There is no а ("430) in font nullfont!
Missing character: There is no п ("43F) in font nullfont!
Missing character: There is no о ("43E) in font nullfont!
Missing character: There is no л ("43B) in font nullfont!
Missing character: There is no е ("435) in font nullfont!
Missing character: There is no й ("439) in font nullfont!
Missing character: There is no , ("2C) in font nullfont!
Missing character: There is no с ("441) in font nullfont!
Missing character: There is no о ("43E) in font nullfont!
Missing character: There is no о ("43E) in font nullfont!
Missing character: There is no б ("431) in font nullfont!
Missing character: There is no щ ("449) in font nullfont!
Missing character: There is no е ("435) in font nullfont!
Missing character: There is no н ("43D) in font nullfont!
Missing character: There is no и ("438) in font nullfont!
Missing character: There is no е ("435) in font nullfont!
Missing character: There is no о ("43E) in font nullfont!
Missing character: There is no б ("431) in font nullfont!
Missing character: There is no о ("43E) in font nullfont!
Missing character: There is no ш ("448) in font nullfont!
Missing character: There is no и ("438) in font nullfont!
Missing character: There is no б ("431) in font nullfont!
Missing character: There is no к ("43A) in font nullfont!
Missing character: There is no е ("435) in font nullfont!
! Misplaced alignment tab character &.
l.40 ...и & Подсветка полей, сообщение об ошибке &
                                                   Соответствует & ✅ \\
I can't figure out why you would want to use a tab mark
here. If you just want an ampersand, the remedy is
simple: Just type `I\&' now. But if some right brace
up above has ended a previous alignment prematurely,
you're probably due for more error messages, and you
might try typing `S' now just to see what is salvageable.

Missing character: There is no С ("421) in font nullfont!
Missing character: There is no о ("43E) in font nullfont!
Missing character: There is no о ("43E) in font nullfont!
Missing character: There is no т ("442) in font nullfont!
Missing character: There is no в ("432) in font nullfont!
Missing character: There is no е ("435) in font nullfont!
Missing character: There is no т ("442) in font nullfont!
Missing character: There is no с ("441) in font nullfont!
Missing character: There is no т ("442) in font nullfont!
Missing character: There is no в ("432) in font nullfont!
Missing character: There is no у ("443) in font nullfont!
Missing character: There is no е ("435) in font nullfont!
Missing character: There is no т ("442) in font nullfont!
! Misplaced alignment tab character &.
l.40 ...лей, сообщение об ошибке & Соответствует &
                                                   ✅ \\
I can't figure out why you would want to use a tab mark
here. If you just want an ampersand, the remedy is
simple: Just type `I\&' now. But if some right brace
up above has ended a previous alignment prematurely,
you're probably due for more error messages, and you
might try typing `S' now just to see what is salvageable.

Missing character: There is no ✅ ("2705) in font nullfont!
! Misplaced \noalign.
\hline ->\noalign 
                  {\ifnum 0=`}\fi \hrule \@height \arrayrulewidth \futurelet...
l.41 ^^I\hline
              
I expect to see \noalign only after the \cr of
an alignment. Proceed, and I'll ignore this case.


Overfull \hbox (20.0pt too wide) in paragraph at lines 40--41
[]
 []

Missing character: There is no T ("54) in font nullfont!
Missing character: There is no C ("43) in font nullfont!
Missing character: There is no - ("2D) in font nullfont!
Missing character: There is no 0 ("30) in font nullfont!
Missing character: There is no 4 ("34) in font nullfont!
! Misplaced alignment tab character &.
l.42 ^^ITC-04 &
                Авторизация с корректными данными & Вход выполнен, открыт гл...
I can't figure out why you would want to use a tab mark
here. If you just want an ampersand, the remedy is
simple: Just type `I\&' now. But if some right brace
up above has ended a previous alignment prematurely,
you're probably due for more error messages, and you
might try typing `S' now just to see what is salvageable.

Missing character: There is no А ("410) in font nullfont!
Missing character: There is no в ("432) in font nullfont!
Missing character: There is no т ("442) in font nullfont!
Missing character: There is no о ("43E) in font nullfont!
Missing character: There is no р ("440) in font nullfont!
Missing character: There is no и ("438) in font nullfont!
Missing character: There is no з ("437) in font nullfont!
Missing character: There is no а ("430) in font nullfont!
Missing character: There is no ц ("446) in font nullfont!
Missing character: There is no и ("438) in font nullfont!
Missing character: There is no я ("44F) in font nullfont!
Missing character: There is no с ("441) in font nullfont!
Missing character: There is no к ("43A) in font nullfont!
Missing character: There is no о ("43E) in font nullfont!
Missing character: There is no р ("440) in font nullfont!
Missing character: There is no р ("440) in font nullfont!
Missing character: There is no е ("435) in font nullfont!
Missing character: There is no к ("43A) in font nullfont!
Missing character: There is no т ("442) in font nullfont!
Missing character: There is no н ("43D) in font nullfont!
Missing character: There is no ы ("44B) in font nullfont!
Missing character: There is no м ("43C) in font nullfont!
Missing character: There is no и ("438) in font nullfont!
Missing character: There is no д ("434) in font nullfont!
Missing character: There is no а ("430) in font nullfont!
Missing character: There is no н ("43D) in font nullfont!
Missing character: There is no н ("43D) in font nullfont!
Missing character: There is no ы ("44B) in font nullfont!
Missing character: There is no м ("43C) in font nullfont!
Missing character: There is no и ("438) in font nullfont!
! Misplaced alignment tab character &.
l.42 ...C-04 & Авторизация с корректными данными &
                                                   Вход выполнен, открыт гла...
I can't figure out why you would want to use a tab mark
here. If you just want an ampersand, the remedy is
simple: Just type `I\&' now. But if some right brace
up above has ended a previous alignment prematurely,
you're probably due for more error messages, and you
might try typing `S' now just to see what is salvageable.

Missing character: There is no В ("412) in font nullfont!
Missing character: There is no х ("445) in font nullfont!
Missing character: There is no о ("43E) in font nullfont!
Missing character: There is no д ("434) in font nullfont!
Missing character: There is no в ("432) in font nullfont!
Missing character: There is no ы ("44B) in font nullfont!
Missing character: There is no п ("43F) in font nullfont!
Missing character: There is no о ("43E) in font nullfont!
Missing character: There is no л ("43B) in font nullfont!
Missing character: There is no н ("43D) in font nullfont!
Missing character: There is no е ("435) in font nullfont!
Missing character: There is no н ("43D) in font nullfont!
Missing character: There is no , ("2C) in font nullfont!
Missing character: There is no о ("43E) in font nullfont!
Missing character: There is no т ("442) in font nullfont!
Missing character: There is no к ("43A) in font nullfont!
Missing character: There is no р ("440) in font nullfont!
Missing character: There is no ы ("44B) in font nullfont!
Missing character: There is no т ("442) in font nullfont!
Missing character: There is no г ("433) in font nullfont!
Missing character: There is no л ("43B) in font nullfont!
Missing character: There is no а ("430) in font nullfont!
Missing character: There is no в ("432) in font nullfont!
Missing character: There is no н ("43D) in font nullfont!
Missing character: There is no ы ("44B) in font nullfont!
Missing character: There is no й ("439) in font nullfont!
Missing character: There is no э ("44D) in font nullfont!
Missing character: There is no к ("43A) in font nullfont!
Missing character: There is no р ("440) in font nullfont!
Missing character: There is no а ("430) in font nullfont!
Missing character: There is no н ("43D) in font nullfont!
! Misplaced alignment tab character &.
l.42 ...ми & Вход выполнен, открыт главный экран &
                                                   Соответствует & ✅ \\
I can't figure out why you would want to use a tab mark
here. If you just want an ampersand, the remedy is
simple: Just type `I\&' now. But if some right brace
up above has ended a previous alignment prematurely,
you're probably due for more error messages, and you
might try typing `S' now just to see what is salvageable.

Missing character: There is no С ("421) in font nullfont!
Missing character: There is no о ("43E) in font nullfont!
Missing character: There is no о ("43E) in font nullfont!
Missing character: There is no т ("442) in font nullfont!
Missing character: There is no в ("432) in font nullfont!
Missing character: There is no е ("435) in font nullfont!
Missing character: There is no т ("442) in font nullfont!
Missing character: There is no с ("441) in font nullfont!
Missing character: There is no т ("442) in font nullfont!
Missing character: There is no в ("432) in font nullfont!
Missing character: There is no у ("443) in font nullfont!
Missing character: There is no е ("435) in font nullfont!
Missing character: There is no т ("442) in font nullfont!
! Misplaced alignment tab character &.
l.42 ...ен, открыт главный экран & Соответствует &
                                                   ✅ \\
I can't figure out why you would want to use a tab mark
here. If you just want an ampersand, the remedy is
simple: Just type `I\&' now. But if some right brace
up above has ended a previous alignment prematurely,
you're probably due for more error messages, and you
might try typing `S' now just to see what is salvageable.

Missing character: There is no ✅ ("2705) in font nullfont!
! Misplaced \noalign.
\hline ->\noalign 
                  {\ifnum 0=`}\fi \hrule \@height \arrayrulewidth \futurelet...
l.43 ^^I\hline
              
I expect to see \noalign only after the \cr of
an alignment. Proceed, and I'll ignore this case.


Overfull \hbox (20.0pt too wide) in paragraph at lines 42--43
[]
 []

Missing character: There is no T ("54) in font nullfont!
Missing character: There is no C ("43) in font nullfont!
Missing character: There is no - ("2D) in font nullfont!
Missing character: There is no 0 ("30) in font nullfont!
Missing character: There is no 5 ("35) in font nullfont!
! Misplaced alignment tab character &.
l.44 ^^ITC-05 &
                Авторизация с неверным паролем & Сообщение «Неверный email и...
I can't figure out why you would want to use a tab mark
here. If you just want an ampersand, the remedy is
simple: Just type `I\&' now. But if some right brace
up above has ended a previous alignment prematurely,
you're probably due for more error messages, and you
might try typing `S' now just to see what is salvageable.

Missing character: There is no А ("410) in font nullfont!
Missing character: There is no в ("432) in font nullfont!
Missing character: There is no т ("442) in font nullfont!
Missing character: There is no о ("43E) in font nullfont!
Missing character: There is no р ("440) in font nullfont!
Missing character: There is no и ("438) in font nullfont!
Missing character: There is no з ("437) in font nullfont!
Missing character: There is no а ("430) in font nullfont!
Missing character: There is no ц ("446) in font nullfont!
Missing character: There is no и ("438) in font nullfont!
Missing character: There is no я ("44F) in font nullfont!
Missing character: There is no с ("441) in font nullfont!
Missing character: There is no н ("43D) in font nullfont!
Missing character: There is no е ("435) in font nullfont!
Missing character: There is no в ("432) in font nullfont!
Missing character: There is no е ("435) in font nullfont!
Missing character: There is no р ("440) in font nullfont!
Missing character: There is no н ("43D) in font nullfont!
Missing character: There is no ы ("44B) in font nullfont!
Missing character: There is no м ("43C) in font nullfont!
Missing character: There is no п ("43F) in font nullfont!
Missing character: There is no а ("430) in font nullfont!
Missing character: There is no р ("440) in font nullfont!
Missing character: There is no о ("43E) in font nullfont!
Missing character: There is no л ("43B) in font nullfont!
Missing character: There is no е ("435) in font nullfont!
Missing character: There is no м ("43C) in font nullfont!
! Misplaced alignment tab character &.
l.44 ^^ITC-05 & Авторизация с неверным паролем &
                                                 Сообщение «Неверный email и...
I can't figure out why you would want to use a tab mark
here. If you just want an ampersand, the remedy is
simple: Just type `I\&' now. But if some right brace
up above has ended a previous alignment prematurely,
you're probably due for more error messages, and you
might try typing `S' now just to see what is salvageable.

Missing character: There is no С ("421) in font nullfont!
Missing character: There is no о ("43E) in font nullfont!
Missing character: There is no о ("43E) in font nullfont!
Missing character: There is no б ("431) in font nullfont!
Missing character: There is no щ ("449) in font nullfont!
Missing character: There is no е ("435) in font nullfont!
Missing character: There is no н ("43D) in font nullfont!
Missing character: There is no и ("438) in font nullfont!
Missing character: There is no е ("435) in font nullfont!
Missing character: There is no « ("AB) in font nullfont!
Missing character: There is no Н ("41D) in font nullfont!
Missing character: There is no е ("435) in font nullfont!
Missing character: There is no в ("432) in font nullfont!
Missing character: There is no е ("435) in font nullfont!
Missing character: There is no р ("440) in font nullfont!
Missing character: There is no н ("43D) in font nullfont!
Missing character: There is no ы ("44B) in font nullfont!
Missing character: There is no й ("439) in font nullfont!
Missing character: There is no e ("65) in font nullfont!
Missing character: There is no m ("6D) in font nullfont!
Missing character: There is no a ("61) in font nullfont!
Missing character: There is no i ("69) in font nullfont!
Missing character: There is no l ("6C) in font nullfont!
Missing character: There is no и ("438) in font nullfont!
Missing character: There is no л ("43B) in font nullfont!
Missing character: There is no и ("438) in font nullfont!
Missing character: There is no п ("43F) in font nullfont!
Missing character: There is no а ("430) in font nullfont!
Missing character: There is no р ("440) in font nullfont!
Missing character: There is no о ("43E) in font nullfont!
Missing character: There is no л ("43B) in font nullfont!
Missing character: There is no ь ("44C) in font nullfont!
Missing character: There is no » ("BB) in font nullfont!
! Misplaced alignment tab character &.
l.44 ... & Сообщение «Неверный email или пароль» &
                                                   Соответствует & ✅ \\
I can't figure out why you would want to use a tab mark
here. If you just want an ampersand, the remedy is
simple: Just type `I\&' now. But if some right brace
up above has ended a previous alignment prematurely,
you're probably due for more error messages, and you
might try typing `S' now just to see what is salvageable.

Missing character: There is no С ("421) in font nullfont!
Missing character: There is no о ("43E) in font nullfont!
Missing character: There is no о ("43E) in font nullfont!
Missing character: There is no т ("442) in font nullfont!
Missing character: There is no в ("432) in font nullfont!
Missing character: There is no е ("435) in font nullfont!
Missing character: There is no т ("442) in font nullfont!
Missing character: There is no с ("441) in font nullfont!
Missing character: There is no т ("442) in font nullfont!
Missing character: There is no в ("432) in font nullfont!
Missing character: There is no у ("443) in font nullfont!
Missing character: There is no е ("435) in font nullfont!
Missing character: There is no т ("442) in font nullfont!
! Misplaced alignment tab character &.
l.44 ...верный email или пароль» & Соответствует &
                                                   ✅ \\
I can't figure out why you would want to use a tab mark
here. If you just want an ampersand, the remedy is
simple: Just type `I\&' now. But if some right brace
up above has ended a previous alignment prematurely,
you're probably due for more error messages, and you
might try typing `S' now just to see what is salvageable.

Missing character: There is no ✅ ("2705) in font nullfont!
! Misplaced \noalign.
\hline ->\noalign 
                  {\ifnum 0=`}\fi \hrule \@height \arrayrulewidth \futurelet...
l.45 ^^I\hline
              
I expect to see \noalign only after the \cr of
an alignment. Proceed, and I'll ignore this case.


Overfull \hbox (20.0pt too wide) in paragraph at lines 44--45
[]
 []

Missing character: There is no T ("54) in font nullfont!
Missing character: There is no C ("43) in font nullfont!
Missing character: There is no - ("2D) in font nullfont!
Missing character: There is no 0 ("30) in font nullfont!
Missing character: There is no 6 ("36) in font nullfont!
! Misplaced alignment tab character &.
l.46 ^^ITC-06 &
                Авторизация с несуществующим email & Сообщение «Неверный ema...
I can't figure out why you would want to use a tab mark
here. If you just want an ampersand, the remedy is
simple: Just type `I\&' now. But if some right brace
up above has ended a previous alignment prematurely,
you're probably due for more error messages, and you
might try typing `S' now just to see what is salvageable.

Missing character: There is no А ("410) in font nullfont!
Missing character: There is no в ("432) in font nullfont!
Missing character: There is no т ("442) in font nullfont!
Missing character: There is no о ("43E) in font nullfont!
Missing character: There is no р ("440) in font nullfont!
Missing character: There is no и ("438) in font nullfont!
Missing character: There is no з ("437) in font nullfont!
Missing character: There is no а ("430) in font nullfont!
Missing character: There is no ц ("446) in font nullfont!
Missing character: There is no и ("438) in font nullfont!
Missing character: There is no я ("44F) in font nullfont!
Missing character: There is no с ("441) in font nullfont!
Missing character: There is no н ("43D) in font nullfont!
Missing character: There is no е ("435) in font nullfont!
Missing character: There is no с ("441) in font nullfont!
Missing character: There is no у ("443) in font nullfont!
Missing character: There is no щ ("449) in font nullfont!
Missing character: There is no е ("435) in font nullfont!
Missing character: There is no с ("441) in font nullfont!
Missing character: There is no т ("442) in font nullfont!
Missing character: There is no в ("432) in font nullfont!
Missing character: There is no у ("443) in font nullfont!
Missing character: There is no ю ("44E) in font nullfont!
Missing character: There is no щ ("449) in font nullfont!
Missing character: There is no и ("438) in font nullfont!
Missing character: There is no м ("43C) in font nullfont!
Missing character: There is no e ("65) in font nullfont!
Missing character: There is no m ("6D) in font nullfont!
Missing character: There is no a ("61) in font nullfont!
Missing character: There is no i ("69) in font nullfont!
Missing character: There is no l ("6C) in font nullfont!
! Misplaced alignment tab character &.
l.46 ...-06 & Авторизация с несуществующим email &
                                                   Сообщение «Неверный email...
I can't figure out why you would want to use a tab mark
here. If you just want an ampersand, the remedy is
simple: Just type `I\&' now. But if some right brace
up above has ended a previous alignment prematurely,
you're probably due for more error messages, and you
might try typing `S' now just to see what is salvageable.

Missing character: There is no С ("421) in font nullfont!
Missing character: There is no о ("43E) in font nullfont!
Missing character: There is no о ("43E) in font nullfont!
Missing character: There is no б ("431) in font nullfont!
Missing character: There is no щ ("449) in font nullfont!
Missing character: There is no е ("435) in font nullfont!
Missing character: There is no н ("43D) in font nullfont!
Missing character: There is no и ("438) in font nullfont!
Missing character: There is no е ("435) in font nullfont!
Missing character: There is no « ("AB) in font nullfont!
Missing character: There is no Н ("41D) in font nullfont!
Missing character: There is no е ("435) in font nullfont!
Missing character: There is no в ("432) in font nullfont!
Missing character: There is no е ("435) in font nullfont!
Missing character: There is no р ("440) in font nullfont!
Missing character: There is no н ("43D) in font nullfont!
Missing character: There is no ы ("44B) in font nullfont!
Missing character: There is no й ("439) in font nullfont!
Missing character: There is no e ("65) in font nullfont!
Missing character: There is no m ("6D) in font nullfont!
Missing character: There is no a ("61) in font nullfont!
Missing character: There is no i ("69) in font nullfont!
Missing character: There is no l ("6C) in font nullfont!
Missing character: There is no и ("438) in font nullfont!
Missing character: There is no л ("43B) in font nullfont!
Missing character: There is no и ("438) in font nullfont!
Missing character: There is no п ("43F) in font nullfont!
Missing character: There is no а ("430) in font nullfont!
Missing character: There is no р ("440) in font nullfont!
Missing character: There is no о ("43E) in font nullfont!
Missing character: There is no л ("43B) in font nullfont!
Missing character: There is no ь ("44C) in font nullfont!
Missing character: There is no » ("BB) in font nullfont!
! Misplaced alignment tab character &.
l.46 ... & Сообщение «Неверный email или пароль» &
                                                   Соответствует & ✅ \\
I can't figure out why you would want to use a tab mark
here. If you just want an ampersand, the remedy is
simple: Just type `I\&' now. But if some right brace
up above has ended a previous alignment prematurely,
you're probably due for more error messages, and you
might try typing `S' now just to see what is salvageable.

Missing character: There is no С ("421) in font nullfont!
Missing character: There is no о ("43E) in font nullfont!
Missing character: There is no о ("43E) in font nullfont!
Missing character: There is no т ("442) in font nullfont!
Missing character: There is no в ("432) in font nullfont!
Missing character: There is no е ("435) in font nullfont!
Missing character: There is no т ("442) in font nullfont!
Missing character: There is no с ("441) in font nullfont!
Missing character: There is no т ("442) in font nullfont!
Missing character: There is no в ("432) in font nullfont!
Missing character: There is no у ("443) in font nullfont!
Missing character: There is no е ("435) in font nullfont!
Missing character: There is no т ("442) in font nullfont!
! Misplaced alignment tab character &.
l.46 ...верный email или пароль» & Соответствует &
                                                   ✅ \\
I can't figure out why you would want to use a tab mark
here. If you just want an ampersand, the remedy is
simple: Just type `I\&' now. But if some right brace
up above has ended a previous alignment prematurely,
you're probably due for more error messages, and you
might try typing `S' now just to see what is salvageable.

Missing character: There is no ✅ ("2705) in font nullfont!
! Misplaced \noalign.
\hline ->\noalign 
                  {\ifnum 0=`}\fi \hrule \@height \arrayrulewidth \futurelet...
l.47 ^^I\hline
              
I expect to see \noalign only after the \cr of
an alignment. Proceed, and I'll ignore this case.


Overfull \hbox (20.0pt too wide) in paragraph at lines 46--47
[]
 []

Missing character: There is no T ("54) in font nullfont!
Missing character: There is no C ("43) in font nullfont!
Missing character: There is no - ("2D) in font nullfont!
Missing character: There is no 0 ("30) in font nullfont!
Missing character: There is no 7 ("37) in font nullfont!
! Misplaced alignment tab character &.
l.48 ^^ITC-07 &
                Просмотр каталога занятий & Список занятий отображается & Со...
I can't figure out why you would want to use a tab mark
here. If you just want an ampersand, the remedy is
simple: Just type `I\&' now. But if some right brace
up above has ended a previous alignment prematurely,
you're probably due for more error messages, and you
might try typing `S' now just to see what is salvageable.

Missing character: There is no П ("41F) in font nullfont!
Missing character: There is no р ("440) in font nullfont!
Missing character: There is no о ("43E) in font nullfont!
Missing character: There is no с ("441) in font nullfont!
Missing character: There is no м ("43C) in font nullfont!
Missing character: There is no о ("43E) in font nullfont!
Missing character: There is no т ("442) in font nullfont!
Missing character: There is no р ("440) in font nullfont!
Missing character: There is no к ("43A) in font nullfont!
Missing character: There is no а ("430) in font nullfont!
Missing character: There is no т ("442) in font nullfont!
Missing character: There is no а ("430) in font nullfont!
Missing character: There is no л ("43B) in font nullfont!
Missing character: There is no о ("43E) in font nullfont!
Missing character: There is no г ("433) in font nullfont!
Missing character: There is no а ("430) in font nullfont!
Missing character: There is no з ("437) in font nullfont!
Missing character: There is no а ("430) in font nullfont!
Missing character: There is no н ("43D) in font nullfont!
Missing character: There is no я ("44F) in font nullfont!
Missing character: There is no т ("442) in font nullfont!
Missing character: There is no и ("438) in font nullfont!
Missing character: There is no й ("439) in font nullfont!
! Misplaced alignment tab character &.
l.48 ^^ITC-07 & Просмотр каталога занятий &
                                            Список занятий отображается & Со...
I can't figure out why you would want to use a tab mark
here. If you just want an ampersand, the remedy is
simple: Just type `I\&' now. But if some right brace
up above has ended a previous alignment prematurely,
you're probably due for more error messages, and you
might try typing `S' now just to see what is salvageable.

Missing character: There is no С ("421) in font nullfont!
Missing character: There is no п ("43F) in font nullfont!
Missing character: There is no и ("438) in font nullfont!
Missing character: There is no с ("441) in font nullfont!
Missing character: There is no о ("43E) in font nullfont!
Missing character: There is no к ("43A) in font nullfont!
Missing character: There is no з ("437) in font nullfont!
Missing character: There is no а ("430) in font nullfont!
Missing character: There is no н ("43D) in font nullfont!
Missing character: There is no я ("44F) in font nullfont!
Missing character: There is no т ("442) in font nullfont!
Missing character: There is no и ("438) in font nullfont!
Missing character: There is no й ("439) in font nullfont!
Missing character: There is no о ("43E) in font nullfont!
Missing character: There is no т ("442) in font nullfont!
Missing character: There is no о ("43E) in font nullfont!
Missing character: There is no б ("431) in font nullfont!
Missing character: There is no р ("440) in font nullfont!
Missing character: There is no а ("430) in font nullfont!
Missing character: There is no ж ("436) in font nullfont!
Missing character: There is no а ("430) in font nullfont!
Missing character: There is no е ("435) in font nullfont!
Missing character: There is no т ("442) in font nullfont!
Missing character: There is no с ("441) in font nullfont!
Missing character: There is no я ("44F) in font nullfont!
! Misplaced alignment tab character &.
l.48 ...га занятий & Список занятий отображается &
                                                   Соответствует & ✅ \\
I can't figure out why you would want to use a tab mark
here. If you just want an ampersand, the remedy is
simple: Just type `I\&' now. But if some right brace
up above has ended a previous alignment prematurely,
you're probably due for more error messages, and you
might try typing `S' now just to see what is salvageable.

Missing character: There is no С ("421) in font nullfont!
Missing character: There is no о ("43E) in font nullfont!
Missing character: There is no о ("43E) in font nullfont!
Missing character: There is no т ("442) in font nullfont!
Missing character: There is no в ("432) in font nullfont!
Missing character: There is no е ("435) in font nullfont!
Missing character: There is no т ("442) in font nullfont!
Missing character: There is no с ("441) in font nullfont!
Missing character: There is no т ("442) in font nullfont!
Missing character: There is no в ("432) in font nullfont!
Missing character: There is no у ("443) in font nullfont!
Missing character: There is no е ("435) in font nullfont!
Missing character: There is no т ("442) in font nullfont!
! Misplaced alignment tab character &.
l.48 ...сок занятий отображается & Соответствует &
                                                   ✅ \\
I can't figure out why you would want to use a tab mark
here. If you just want an ampersand, the remedy is
simple: Just type `I\&' now. But if some right brace
up above has ended a previous alignment prematurely,
you're probably due for more error messages, and you
might try typing `S' now just to see what is salvageable.

Missing character: There is no ✅ ("2705) in font nullfont!
! Misplaced \noalign.
\hline ->\noalign 
                  {\ifnum 0=`}\fi \hrule \@height \arrayrulewidth \futurelet...
l.49 ^^I\hline
              
I expect to see \noalign only after the \cr of
an alignment. Proceed, and I'll ignore this case.


Overfull \hbox (20.0pt too wide) in paragraph at lines 48--49
[]
 []

Missing character: There is no T ("54) in font nullfont!
Missing character: There is no C ("43) in font nullfont!
Missing character: There is no - ("2D) in font nullfont!
Missing character: There is no 0 ("30) in font nullfont!
Missing character: There is no 8 ("38) in font nullfont!
! Misplaced alignment tab character &.
l.50 ^^ITC-08 &
                Фильтрация занятий по городу & Отображаются только занятия в...
I can't figure out why you would want to use a tab mark
here. If you just want an ampersand, the remedy is
simple: Just type `I\&' now. But if some right brace
up above has ended a previous alignment prematurely,
you're probably due for more error messages, and you
might try typing `S' now just to see what is salvageable.

Missing character: There is no Ф ("424) in font nullfont!
Missing character: There is no и ("438) in font nullfont!
Missing character: There is no л ("43B) in font nullfont!
Missing character: There is no ь ("44C) in font nullfont!
Missing character: There is no т ("442) in font nullfont!
Missing character: There is no р ("440) in font nullfont!
Missing character: There is no а ("430) in font nullfont!
Missing character: There is no ц ("446) in font nullfont!
Missing character: There is no и ("438) in font nullfont!
Missing character: There is no я ("44F) in font nullfont!
Missing character: There is no з ("437) in font nullfont!
Missing character: There is no а ("430) in font nullfont!
Missing character: There is no н ("43D) in font nullfont!
Missing character: There is no я ("44F) in font nullfont!
Missing character: There is no т ("442) in font nullfont!
Missing character: There is no и ("438) in font nullfont!
Missing character: There is no й ("439) in font nullfont!
Missing character: There is no п ("43F) in font nullfont!
Missing character: There is no о ("43E) in font nullfont!
Missing character: There is no г ("433) in font nullfont!
Missing character: There is no о ("43E) in font nullfont!
Missing character: There is no р ("440) in font nullfont!
Missing character: There is no о ("43E) in font nullfont!
Missing character: There is no д ("434) in font nullfont!
Missing character: There is no у ("443) in font nullfont!
! Misplaced alignment tab character &.
l.50 ^^ITC-08 & Фильтрация занятий по городу &
                                               Отображаются только занятия в...
I can't figure out why you would want to use a tab mark
here. If you just want an ampersand, the remedy is
simple: Just type `I\&' now. But if some right brace
up above has ended a previous alignment prematurely,
you're probably due for more error messages, and you
might try typing `S' now just to see what is salvageable.

Missing character: There is no О ("41E) in font nullfont!
Missing character: There is no т ("442) in font nullfont!
Missing character: There is no о ("43E) in font nullfont!
Missing character: There is no б ("431) in font nullfont!
Missing character: There is no р ("440) in font nullfont!
Missing character: There is no а ("430) in font nullfont!
Missing character: There is no ж ("436) in font nullfont!
Missing character: There is no а ("430) in font nullfont!
Missing character: There is no ю ("44E) in font nullfont!
Missing character: There is no т ("442) in font nullfont!
Missing character: There is no с ("441) in font nullfont!
Missing character: There is no я ("44F) in font nullfont!
Missing character: There is no т ("442) in font nullfont!
Missing character: There is no о ("43E) in font nullfont!
Missing character: There is no л ("43B) in font nullfont!
Missing character: There is no ь ("44C) in font nullfont!
Missing character: There is no к ("43A) in font nullfont!
Missing character: There is no о ("43E) in font nullfont!
Missing character: There is no з ("437) in font nullfont!
Missing character: There is no а ("430) in font nullfont!
Missing character: There is no н ("43D) in font nullfont!
Missing character: There is no я ("44F) in font nullfont!
Missing character: There is no т ("442) in font nullfont!
Missing character: There is no и ("438) in font nullfont!
Missing character: There is no я ("44F) in font nullfont!
Missing character: There is no в ("432) in font nullfont!
Missing character: There is no ы ("44B) in font nullfont!
Missing character: There is no б ("431) in font nullfont!
Missing character: There is no р ("440) in font nullfont!
Missing character: There is no а ("430) in font nullfont!
Missing character: There is no н ("43D) in font nullfont!
Missing character: There is no н ("43D) in font nullfont!
Missing character: There is no о ("43E) in font nullfont!
Missing character: There is no г ("433) in font nullfont!
Missing character: There is no о ("43E) in font nullfont!
Missing character: There is no г ("433) in font nullfont!
Missing character: There is no о ("43E) in font nullfont!
Missing character: There is no р ("440) in font nullfont!
Missing character: There is no о ("43E) in font nullfont!
Missing character: There is no д ("434) in font nullfont!
Missing character: There is no а ("430) in font nullfont!
! Misplaced alignment tab character &.
l.50 ...ажаются только занятия выбранного города &
                                                   Соответствует & ✅ \\
I can't figure out why you would want to use a tab mark
here. If you just want an ampersand, the remedy is
simple: Just type `I\&' now. But if some right brace
up above has ended a previous alignment prematurely,
you're probably due for more error messages, and you
might try typing `S' now just to see what is salvageable.

Missing character: There is no С ("421) in font nullfont!
Missing character: There is no о ("43E) in font nullfont!
Missing character: There is no о ("43E) in font nullfont!
Missing character: There is no т ("442) in font nullfont!
Missing character: There is no в ("432) in font nullfont!
Missing character: There is no е ("435) in font nullfont!
Missing character: There is no т ("442) in font nullfont!
Missing character: There is no с ("441) in font nullfont!
Missing character: There is no т ("442) in font nullfont!
Missing character: There is no в ("432) in font nullfont!
Missing character: There is no у ("443) in font nullfont!
Missing character: There is no е ("435) in font nullfont!
Missing character: There is no т ("442) in font nullfont!
! Misplaced alignment tab character &.
l.50 ...анятия выбранного города & Соответствует &
                                                   ✅ \\
I can't figure out why you would want to use a tab mark
here. If you just want an ampersand, the remedy is
simple: Just type `I\&' now. But if some right brace
up above has ended a previous alignment prematurely,
you're probably due for more error messages, and you
might try typing `S' now just to see what is salvageable.

Missing character: There is no ✅ ("2705) in font nullfont!
! Misplaced \noalign.
\hline ->\noalign 
                  {\ifnum 0=`}\fi \hrule \@height \arrayrulewidth \futurelet...
l.51 ^^I\hline
              
I expect to see \noalign only after the \cr of
an alignment. Proceed, and I'll ignore this case.


Overfull \hbox (20.0pt too wide) in paragraph at lines 50--51
[]
 []

Missing character: There is no T ("54) in font nullfont!
Missing character: There is no C ("43) in font nullfont!
Missing character: There is no - ("2D) in font nullfont!
Missing character: There is no 0 ("30) in font nullfont!
Missing character: There is no 9 ("39) in font nullfont!
! Misplaced alignment tab character &.
l.52 ^^ITC-09 &
                Просмотр детальной информации о занятии & Открывается экран ...
I can't figure out why you would want to use a tab mark
here. If you just want an ampersand, the remedy is
simple: Just type `I\&' now. But if some right brace
up above has ended a previous alignment prematurely,
you're probably due for more error messages, and you
might try typing `S' now just to see what is salvageable.

Missing character: There is no П ("41F) in font nullfont!
Missing character: There is no р ("440) in font nullfont!
Missing character: There is no о ("43E) in font nullfont!
Missing character: There is no с ("441) in font nullfont!
Missing character: There is no м ("43C) in font nullfont!
Missing character: There is no о ("43E) in font nullfont!
Missing character: There is no т ("442) in font nullfont!
Missing character: There is no р ("440) in font nullfont!
Missing character: There is no д ("434) in font nullfont!
Missing character: There is no е ("435) in font nullfont!
Missing character: There is no т ("442) in font nullfont!
Missing character: There is no а ("430) in font nullfont!
Missing character: There is no л ("43B) in font nullfont!
Missing character: There is no ь ("44C) in font nullfont!
Missing character: There is no н ("43D) in font nullfont!
Missing character: There is no о ("43E) in font nullfont!
Missing character: There is no й ("439) in font nullfont!
Missing character: There is no и ("438) in font nullfont!
Missing character: There is no н ("43D) in font nullfont!
Missing character: There is no ф ("444) in font nullfont!
Missing character: There is no о ("43E) in font nullfont!
Missing character: There is no р ("440) in font nullfont!
Missing character: There is no м ("43C) in font nullfont!
Missing character: There is no а ("430) in font nullfont!
Missing character: There is no ц ("446) in font nullfont!
Missing character: There is no и ("438) in font nullfont!
Missing character: There is no и ("438) in font nullfont!
Missing character: There is no о ("43E) in font nullfont!
Missing character: There is no з ("437) in font nullfont!
Missing character: There is no а ("430) in font nullfont!
Missing character: There is no н ("43D) in font nullfont!
Missing character: There is no я ("44F) in font nullfont!
Missing character: There is no т ("442) in font nullfont!
Missing character: There is no и ("438) in font nullfont!
Missing character: There is no и ("438) in font nullfont!
! Misplaced alignment tab character &.
l.52 ... Просмотр детальной информации о занятии &
                                                   Открывается экран с полно...
I can't figure out why you would want to use a tab mark
here. If you just want an ampersand, the remedy is
simple: Just type `I\&' now. But if some right brace
up above has ended a previous alignment prematurely,
you're probably due for more error messages, and you
might try typing `S' now just to see what is salvageable.

Missing character: There is no О ("41E) in font nullfont!
Missing character: There is no т ("442) in font nullfont!
Missing character: There is no к ("43A) in font nullfont!
Missing character: There is no р ("440) in font nullfont!
Missing character: There is no ы ("44B) in font nullfont!
Missing character: There is no в ("432) in font nullfont!
Missing character: There is no а ("430) in font nullfont!
Missing character: There is no е ("435) in font nullfont!
Missing character: There is no т ("442) in font nullfont!
Missing character: There is no с ("441) in font nullfont!
Missing character: There is no я ("44F) in font nullfont!
Missing character: There is no э ("44D) in font nullfont!
Missing character: There is no к ("43A) in font nullfont!
Missing character: There is no р ("440) in font nullfont!
Missing character: There is no а ("430) in font nullfont!
Missing character: There is no н ("43D) in font nullfont!
Missing character: There is no с ("441) in font nullfont!
Missing character: There is no п ("43F) in font nullfont!
Missing character: There is no о ("43E) in font nullfont!
Missing character: There is no л ("43B) in font nullfont!
Missing character: There is no н ("43D) in font nullfont!
Missing character: There is no о ("43E) in font nullfont!
Missing character: There is no й ("439) in font nullfont!
Missing character: There is no и ("438) in font nullfont!
Missing character: There is no н ("43D) in font nullfont!
Missing character: There is no ф ("444) in font nullfont!
Missing character: There is no о ("43E) in font nullfont!
Missing character: There is no р ("440) in font nullfont!
Missing character: There is no м ("43C) in font nullfont!
Missing character: There is no а ("430) in font nullfont!
Missing character: There is no ц ("446) in font nullfont!
Missing character: There is no и ("438) in font nullfont!
Missing character: There is no е ("435) in font nullfont!
Missing character: There is no й ("439) in font nullfont!
! Misplaced alignment tab character &.
l.52 ...& Открывается экран с полной информацией &
                                                   Соответствует & ✅ \\
I can't figure out why you would want to use a tab mark
here. If you just want an ampersand, the remedy is
simple: Just type `I\&' now. But if some right brace
up above has ended a previous alignment prematurely,
you're probably due for more error messages, and you
might try typing `S' now just to see what is salvageable.

Missing character: There is no С ("421) in font nullfont!
Missing character: There is no о ("43E) in font nullfont!
Missing character: There is no о ("43E) in font nullfont!
Missing character: There is no т ("442) in font nullfont!
Missing character: There is no в ("432) in font nullfont!
Missing character: There is no е ("435) in font nullfont!
Missing character: There is no т ("442) in font nullfont!
Missing character: There is no с ("441) in font nullfont!
Missing character: There is no т ("442) in font nullfont!
Missing character: There is no в ("432) in font nullfont!
Missing character: There is no у ("443) in font nullfont!
Missing character: There is no е ("435) in font nullfont!
Missing character: There is no т ("442) in font nullfont!
! Misplaced alignment tab character &.
l.52 ...ран с полной информацией & Соответствует &
                                                   ✅ \\
I can't figure out why you would want to use a tab mark
here. If you just want an ampersand, the remedy is
simple: Just type `I\&' now. But if some right brace
up above has ended a previous alignment prematurely,
you're probably due for more error messages, and you
might try typing `S' now just to see what is salvageable.

Missing character: There is no ✅ ("2705) in font nullfont!
! Misplaced \noalign.
\hline ->\noalign 
                  {\ifnum 0=`}\fi \hrule \@height \arrayrulewidth \futurelet...
l.53 ^^I\hline
              
I expect to see \noalign only after the \cr of
an alignment. Proceed, and I'll ignore this case.


Overfull \hbox (20.0pt too wide) in paragraph at lines 52--53
[]
 []

Missing character: There is no T ("54) in font nullfont!
Missing character: There is no C ("43) in font nullfont!
Missing character: There is no - ("2D) in font nullfont!
Missing character: There is no 1 ("31) in font nullfont!
Missing character: There is no 0 ("30) in font nullfont!
! Misplaced alignment tab character &.
l.54 ^^ITC-10 &
                Запись на занятие (есть места) & Запись сохранена, уведомлен...
I can't figure out why you would want to use a tab mark
here. If you just want an ampersand, the remedy is
simple: Just type `I\&' now. But if some right brace
up above has ended a previous alignment prematurely,
you're probably due for more error messages, and you
might try typing `S' now just to see what is salvageable.

Missing character: There is no З ("417) in font nullfont!
Missing character: There is no а ("430) in font nullfont!
Missing character: There is no п ("43F) in font nullfont!
Missing character: There is no и ("438) in font nullfont!
Missing character: There is no с ("441) in font nullfont!
Missing character: There is no ь ("44C) in font nullfont!
Missing character: There is no н ("43D) in font nullfont!
Missing character: There is no а ("430) in font nullfont!
Missing character: There is no з ("437) in font nullfont!
Missing character: There is no а ("430) in font nullfont!
Missing character: There is no н ("43D) in font nullfont!
Missing character: There is no я ("44F) in font nullfont!
Missing character: There is no т ("442) in font nullfont!
Missing character: There is no и ("438) in font nullfont!
Missing character: There is no е ("435) in font nullfont!
Missing character: There is no ( ("28) in font nullfont!
Missing character: There is no е ("435) in font nullfont!
Missing character: There is no с ("441) in font nullfont!
Missing character: There is no т ("442) in font nullfont!
Missing character: There is no ь ("44C) in font nullfont!
Missing character: There is no м ("43C) in font nullfont!
Missing character: There is no е ("435) in font nullfont!
Missing character: There is no с ("441) in font nullfont!
Missing character: There is no т ("442) in font nullfont!
Missing character: There is no а ("430) in font nullfont!
Missing character: There is no ) ("29) in font nullfont!
! Misplaced alignment tab character &.
l.54 ^^ITC-10 & Запись на занятие (есть места) &
                                                 Запись сохранена, уведомлен...
I can't figure out why you would want to use a tab mark
here. If you just want an ampersand, the remedy is
simple: Just type `I\&' now. But if some right brace
up above has ended a previous alignment prematurely,
you're probably due for more error messages, and you
might try typing `S' now just to see what is salvageable.

Missing character: There is no З ("417) in font nullfont!
Missing character: There is no а ("430) in font nullfont!
Missing character: There is no п ("43F) in font nullfont!
Missing character: There is no и ("438) in font nullfont!
Missing character: There is no с ("441) in font nullfont!
Missing character: There is no ь ("44C) in font nullfont!
Missing character: There is no с ("441) in font nullfont!
Missing character: There is no о ("43E) in font nullfont!
Missing character: There is no х ("445) in font nullfont!
Missing character: There is no р ("440) in font nullfont!
Missing character: There is no а ("430) in font nullfont!
Missing character: There is no н ("43D) in font nullfont!
Missing character: There is no е ("435) in font nullfont!
Missing character: There is no н ("43D) in font nullfont!
Missing character: There is no а ("430) in font nullfont!
Missing character: There is no , ("2C) in font nullfont!
Missing character: There is no у ("443) in font nullfont!
Missing character: There is no в ("432) in font nullfont!
Missing character: There is no е ("435) in font nullfont!
Missing character: There is no д ("434) in font nullfont!
Missing character: There is no о ("43E) in font nullfont!
Missing character: There is no м ("43C) in font nullfont!
Missing character: There is no л ("43B) in font nullfont!
Missing character: There is no е ("435) in font nullfont!
Missing character: There is no н ("43D) in font nullfont!
Missing character: There is no и ("438) in font nullfont!
Missing character: There is no е ("435) in font nullfont!
Missing character: There is no п ("43F) in font nullfont!
Missing character: There is no о ("43E) in font nullfont!
Missing character: There is no л ("43B) in font nullfont!
Missing character: There is no у ("443) in font nullfont!
Missing character: There is no ч ("447) in font nullfont!
Missing character: There is no е ("435) in font nullfont!
Missing character: There is no н ("43D) in font nullfont!
Missing character: There is no о ("43E) in font nullfont!
! Misplaced alignment tab character &.
l.54 ...& Запись сохранена, уведомление получено &
                                                   Соответствует & ✅ \\
I can't figure out why you would want to use a tab mark
here. If you just want an ampersand, the remedy is
simple: Just type `I\&' now. But if some right brace
up above has ended a previous alignment prematurely,
you're probably due for more error messages, and you
might try typing `S' now just to see what is salvageable.

Missing character: There is no С ("421) in font nullfont!
Missing character: There is no о ("43E) in font nullfont!
Missing character: There is no о ("43E) in font nullfont!
Missing character: There is no т ("442) in font nullfont!
Missing character: There is no в ("432) in font nullfont!
Missing character: There is no е ("435) in font nullfont!
Missing character: There is no т ("442) in font nullfont!
Missing character: There is no с ("441) in font nullfont!
Missing character: There is no т ("442) in font nullfont!
Missing character: There is no в ("432) in font nullfont!
Missing character: There is no у ("443) in font nullfont!
Missing character: There is no е ("435) in font nullfont!
Missing character: There is no т ("442) in font nullfont!
! Misplaced alignment tab character &.
l.54 ...на, уведомление получено & Соответствует &
                                                   ✅ \\
I can't figure out why you would want to use a tab mark
here. If you just want an ampersand, the remedy is
simple: Just type `I\&' now. But if some right brace
up above has ended a previous alignment prematurely,
you're probably due for more error messages, and you
might try typing `S' now just to see what is salvageable.

Missing character: There is no ✅ ("2705) in font nullfont!
! Misplaced \noalign.
\hline ->\noalign 
                  {\ifnum 0=`}\fi \hrule \@height \arrayrulewidth \futurelet...
l.55 ^^I\hline
              
I expect to see \noalign only after the \cr of
an alignment. Proceed, and I'll ignore this case.


Overfull \hbox (20.0pt too wide) in paragraph at lines 54--55
[]
 []

Missing character: There is no T ("54) in font nullfont!
Missing character: There is no C ("43) in font nullfont!
Missing character: There is no - ("2D) in font nullfont!
Missing character: There is no 1 ("31) in font nullfont!
Missing character: There is no 1 ("31) in font nullfont!
! Misplaced alignment tab character &.
l.56 ^^ITC-11 &
                Запись на занятие (нет мест) & Сообщение «Нет свободных мест...
I can't figure out why you would want to use a tab mark
here. If you just want an ampersand, the remedy is
simple: Just type `I\&' now. But if some right brace
up above has ended a previous alignment prematurely,
you're probably due for more error messages, and you
might try typing `S' now just to see what is salvageable.

Missing character: There is no З ("417) in font nullfont!
Missing character: There is no а ("430) in font nullfont!
Missing character: There is no п ("43F) in font nullfont!
Missing character: There is no и ("438) in font nullfont!
Missing character: There is no с ("441) in font nullfont!
Missing character: There is no ь ("44C) in font nullfont!
Missing character: There is no н ("43D) in font nullfont!
Missing character: There is no а ("430) in font nullfont!
Missing character: There is no з ("437) in font nullfont!
Missing character: There is no а ("430) in font nullfont!
Missing character: There is no н ("43D) in font nullfont!
Missing character: There is no я ("44F) in font nullfont!
Missing character: There is no т ("442) in font nullfont!
Missing character: There is no и ("438) in font nullfont!
Missing character: There is no е ("435) in font nullfont!
Missing character: There is no ( ("28) in font nullfont!
Missing character: There is no н ("43D) in font nullfont!
Missing character: There is no е ("435) in font nullfont!
Missing character: There is no т ("442) in font nullfont!
Missing character: There is no м ("43C) in font nullfont!
Missing character: There is no е ("435) in font nullfont!
Missing character: There is no с ("441) in font nullfont!
Missing character: There is no т ("442) in font nullfont!
Missing character: There is no ) ("29) in font nullfont!
! Misplaced alignment tab character &.
l.56 ^^ITC-11 & Запись на занятие (нет мест) &
                                               Сообщение «Нет свободных мест...
I can't figure out why you would want to use a tab mark
here. If you just want an ampersand, the remedy is
simple: Just type `I\&' now. But if some right brace
up above has ended a previous alignment prematurely,
you're probably due for more error messages, and you
might try typing `S' now just to see what is salvageable.

Missing character: There is no С ("421) in font nullfont!
Missing character: There is no о ("43E) in font nullfont!
Missing character: There is no о ("43E) in font nullfont!
Missing character: There is no б ("431) in font nullfont!
Missing character: There is no щ ("449) in font nullfont!
Missing character: There is no е ("435) in font nullfont!
Missing character: There is no н ("43D) in font nullfont!
Missing character: There is no и ("438) in font nullfont!
Missing character: There is no е ("435) in font nullfont!
Missing character: There is no « ("AB) in font nullfont!
Missing character: There is no Н ("41D) in font nullfont!
Missing character: There is no е ("435) in font nullfont!
Missing character: There is no т ("442) in font nullfont!
Missing character: There is no с ("441) in font nullfont!
Missing character: There is no в ("432) in font nullfont!
Missing character: There is no о ("43E) in font nullfont!
Missing character: There is no б ("431) in font nullfont!
Missing character: There is no о ("43E) in font nullfont!
Missing character: There is no д ("434) in font nullfont!
Missing character: There is no н ("43D) in font nullfont!
Missing character: There is no ы ("44B) in font nullfont!
Missing character: There is no х ("445) in font nullfont!
Missing character: There is no м ("43C) in font nullfont!
Missing character: There is no е ("435) in font nullfont!
Missing character: There is no с ("441) in font nullfont!
Missing character: There is no т ("442) in font nullfont!
Missing character: There is no » ("BB) in font nullfont!
! Misplaced alignment tab character &.
l.56 ...т мест) & Сообщение «Нет свободных мест» &
                                                   Соответствует & ✅ \\
I can't figure out why you would want to use a tab mark
here. If you just want an ampersand, the remedy is
simple: Just type `I\&' now. But if some right brace
up above has ended a previous alignment prematurely,
you're probably due for more error messages, and you
might try typing `S' now just to see what is salvageable.

Missing character: There is no С ("421) in font nullfont!
Missing character: There is no о ("43E) in font nullfont!
Missing character: There is no о ("43E) in font nullfont!
Missing character: There is no т ("442) in font nullfont!
Missing character: There is no в ("432) in font nullfont!
Missing character: There is no е ("435) in font nullfont!
Missing character: There is no т ("442) in font nullfont!
Missing character: There is no с ("441) in font nullfont!
Missing character: There is no т ("442) in font nullfont!
Missing character: There is no в ("432) in font nullfont!
Missing character: There is no у ("443) in font nullfont!
Missing character: There is no е ("435) in font nullfont!
Missing character: There is no т ("442) in font nullfont!
! Misplaced alignment tab character &.
l.56 ...ние «Нет свободных мест» & Соответствует &
                                                   ✅ \\
I can't figure out why you would want to use a tab mark
here. If you just want an ampersand, the remedy is
simple: Just type `I\&' now. But if some right brace
up above has ended a previous alignment prematurely,
you're probably due for more error messages, and you
might try typing `S' now just to see what is salvageable.

Missing character: There is no ✅ ("2705) in font nullfont!
! Misplaced \noalign.
\hline ->\noalign 
                  {\ifnum 0=`}\fi \hrule \@height \arrayrulewidth \futurelet...
l.57 ^^I\hline
              
I expect to see \noalign only after the \cr of
an alignment. Proceed, and I'll ignore this case.


Overfull \hbox (20.0pt too wide) in paragraph at lines 56--57
[]
 []

Missing character: There is no T ("54) in font nullfont!
Missing character: There is no C ("43) in font nullfont!
Missing character: There is no - ("2D) in font nullfont!
Missing character: There is no 1 ("31) in font nullfont!
Missing character: There is no 2 ("32) in font nullfont!
! Misplaced alignment tab character &.
l.58 ^^ITC-12 &
                Запись на одно занятие дважды & Сообщение «Вы уже записаны» ...
I can't figure out why you would want to use a tab mark
here. If you just want an ampersand, the remedy is
simple: Just type `I\&' now. But if some right brace
up above has ended a previous alignment prematurely,
you're probably due for more error messages, and you
might try typing `S' now just to see what is salvageable.

Missing character: There is no З ("417) in font nullfont!
Missing character: There is no а ("430) in font nullfont!
Missing character: There is no п ("43F) in font nullfont!
Missing character: There is no и ("438) in font nullfont!
Missing character: There is no с ("441) in font nullfont!
Missing character: There is no ь ("44C) in font nullfont!
Missing character: There is no н ("43D) in font nullfont!
Missing character: There is no а ("430) in font nullfont!
Missing character: There is no о ("43E) in font nullfont!
Missing character: There is no д ("434) in font nullfont!
Missing character: There is no н ("43D) in font nullfont!
Missing character: There is no о ("43E) in font nullfont!
Missing character: There is no з ("437) in font nullfont!
Missing character: There is no а ("430) in font nullfont!
Missing character: There is no н ("43D) in font nullfont!
Missing character: There is no я ("44F) in font nullfont!
Missing character: There is no т ("442) in font nullfont!
Missing character: There is no и ("438) in font nullfont!
Missing character: There is no е ("435) in font nullfont!
Missing character: There is no д ("434) in font nullfont!
Missing character: There is no в ("432) in font nullfont!
Missing character: There is no а ("430) in font nullfont!
Missing character: There is no ж ("436) in font nullfont!
Missing character: There is no д ("434) in font nullfont!
Missing character: There is no ы ("44B) in font nullfont!
! Misplaced alignment tab character &.
l.58 ^^ITC-12 & Запись на одно занятие дважды &
                                                Сообщение «Вы уже записаны» ...
I can't figure out why you would want to use a tab mark
here. If you just want an ampersand, the remedy is
simple: Just type `I\&' now. But if some right brace
up above has ended a previous alignment prematurely,
you're probably due for more error messages, and you
might try typing `S' now just to see what is salvageable.

Missing character: There is no С ("421) in font nullfont!
Missing character: There is no о ("43E) in font nullfont!
Missing character: There is no о ("43E) in font nullfont!
Missing character: There is no б ("431) in font nullfont!
Missing character: There is no щ ("449) in font nullfont!
Missing character: There is no е ("435) in font nullfont!
Missing character: There is no н ("43D) in font nullfont!
Missing character: There is no и ("438) in font nullfont!
Missing character: There is no е ("435) in font nullfont!
Missing character: There is no « ("AB) in font nullfont!
Missing character: There is no В ("412) in font nullfont!
Missing character: There is no ы ("44B) in font nullfont!
Missing character: There is no у ("443) in font nullfont!
Missing character: There is no ж ("436) in font nullfont!
Missing character: There is no е ("435) in font nullfont!
Missing character: There is no з ("437) in font nullfont!
Missing character: There is no а ("430) in font nullfont!
Missing character: There is no п ("43F) in font nullfont!
Missing character: There is no и ("438) in font nullfont!
Missing character: There is no с ("441) in font nullfont!
Missing character: There is no а ("430) in font nullfont!
Missing character: There is no н ("43D) in font nullfont!
Missing character: There is no ы ("44B) in font nullfont!
Missing character: There is no » ("BB) in font nullfont!
! Misplaced alignment tab character &.
l.58 ...тие дважды & Сообщение «Вы уже записаны» &
                                                   Соответствует & ✅ \\
I can't figure out why you would want to use a tab mark
here. If you just want an ampersand, the remedy is
simple: Just type `I\&' now. But if some right brace
up above has ended a previous alignment prematurely,
you're probably due for more error messages, and you
might try typing `S' now just to see what is salvageable.

Missing character: There is no С ("421) in font nullfont!
Missing character: There is no о ("43E) in font nullfont!
Missing character: There is no о ("43E) in font nullfont!
Missing character: There is no т ("442) in font nullfont!
Missing character: There is no в ("432) in font nullfont!
Missing character: There is no е ("435) in font nullfont!
Missing character: There is no т ("442) in font nullfont!
Missing character: There is no с ("441) in font nullfont!
Missing character: There is no т ("442) in font nullfont!
Missing character: There is no в ("432) in font nullfont!
Missing character: There is no у ("443) in font nullfont!
Missing character: There is no е ("435) in font nullfont!
Missing character: There is no т ("442) in font nullfont!
! Misplaced alignment tab character &.
l.58 ...бщение «Вы уже записаны» & Соответствует &
                                                   ✅ \\
I can't figure out why you would want to use a tab mark
here. If you just want an ampersand, the remedy is
simple: Just type `I\&' now. But if some right brace
up above has ended a previous alignment prematurely,
you're probably due for more error messages, and you
might try typing `S' now just to see what is salvageable.

Missing character: There is no ✅ ("2705) in font nullfont!
! Misplaced \noalign.
\hline ->\noalign 
                  {\ifnum 0=`}\fi \hrule \@height \arrayrulewidth \futurelet...
l.59 ^^I\hline
              
I expect to see \noalign only after the \cr of
an alignment. Proceed, and I'll ignore this case.


Overfull \hbox (20.0pt too wide) in paragraph at lines 58--59
[]
 []

Missing character: There is no T ("54) in font nullfont!
Missing character: There is no C ("43) in font nullfont!
Missing character: There is no - ("2D) in font nullfont!
Missing character: There is no 1 ("31) in font nullfont!
Missing character: There is no 3 ("33) in font nullfont!
! Misplaced alignment tab character &.
l.60 ^^ITC-13 &
                Отмена записи & Запись удалена, место освобождено & Соответс...
I can't figure out why you would want to use a tab mark
here. If you just want an ampersand, the remedy is
simple: Just type `I\&' now. But if some right brace
up above has ended a previous alignment prematurely,
you're probably due for more error messages, and you
might try typing `S' now just to see what is salvageable.

Missing character: There is no О ("41E) in font nullfont!
Missing character: There is no т ("442) in font nullfont!
Missing character: There is no м ("43C) in font nullfont!
Missing character: There is no е ("435) in font nullfont!
Missing character: There is no н ("43D) in font nullfont!
Missing character: There is no а ("430) in font nullfont!
Missing character: There is no з ("437) in font nullfont!
Missing character: There is no а ("430) in font nullfont!
Missing character: There is no п ("43F) in font nullfont!
Missing character: There is no и ("438) in font nullfont!
Missing character: There is no с ("441) in font nullfont!
Missing character: There is no и ("438) in font nullfont!
! Misplaced alignment tab character &.
l.60 ^^ITC-13 & Отмена записи &
                                Запись удалена, место освобождено & Соответс...
I can't figure out why you would want to use a tab mark
here. If you just want an ampersand, the remedy is
simple: Just type `I\&' now. But if some right brace
up above has ended a previous alignment prematurely,
you're probably due for more error messages, and you
might try typing `S' now just to see what is salvageable.

Missing character: There is no З ("417) in font nullfont!
Missing character: There is no а ("430) in font nullfont!
Missing character: There is no п ("43F) in font nullfont!
Missing character: There is no и ("438) in font nullfont!
Missing character: There is no с ("441) in font nullfont!
Missing character: There is no ь ("44C) in font nullfont!
Missing character: There is no у ("443) in font nullfont!
Missing character: There is no д ("434) in font nullfont!
Missing character: There is no а ("430) in font nullfont!
Missing character: There is no л ("43B) in font nullfont!
Missing character: There is no е ("435) in font nullfont!
Missing character: There is no н ("43D) in font nullfont!
Missing character: There is no а ("430) in font nullfont!
Missing character: There is no , ("2C) in font nullfont!
Missing character: There is no м ("43C) in font nullfont!
Missing character: There is no е ("435) in font nullfont!
Missing character: There is no с ("441) in font nullfont!
Missing character: There is no т ("442) in font nullfont!
Missing character: There is no о ("43E) in font nullfont!
Missing character: There is no о ("43E) in font nullfont!
Missing character: There is no с ("441) in font nullfont!
Missing character: There is no в ("432) in font nullfont!
Missing character: There is no о ("43E) in font nullfont!
Missing character: There is no б ("431) in font nullfont!
Missing character: There is no о ("43E) in font nullfont!
Missing character: There is no ж ("436) in font nullfont!
Missing character: There is no д ("434) in font nullfont!
Missing character: There is no е ("435) in font nullfont!
Missing character: There is no н ("43D) in font nullfont!
Missing character: There is no о ("43E) in font nullfont!
! Misplaced alignment tab character &.
l.60 ...писи & Запись удалена, место освобождено &
                                                   Соответствует & ✅ \\
I can't figure out why you would want to use a tab mark
here. If you just want an ampersand, the remedy is
simple: Just type `I\&' now. But if some right brace
up above has ended a previous alignment prematurely,
you're probably due for more error messages, and you
might try typing `S' now just to see what is salvageable.

Missing character: There is no С ("421) in font nullfont!
Missing character: There is no о ("43E) in font nullfont!
Missing character: There is no о ("43E) in font nullfont!
Missing character: There is no т ("442) in font nullfont!
Missing character: There is no в ("432) in font nullfont!
Missing character: There is no е ("435) in font nullfont!
Missing character: There is no т ("442) in font nullfont!
Missing character: There is no с ("441) in font nullfont!
Missing character: There is no т ("442) in font nullfont!
Missing character: There is no в ("432) in font nullfont!
Missing character: There is no у ("443) in font nullfont!
Missing character: There is no е ("435) in font nullfont!
Missing character: There is no т ("442) in font nullfont!
! Misplaced alignment tab character &.
l.60 ...алена, место освобождено & Соответствует &
                                                   ✅ \\
I can't figure out why you would want to use a tab mark
here. If you just want an ampersand, the remedy is
simple: Just type `I\&' now. But if some right brace
up above has ended a previous alignment prematurely,
you're probably due for more error messages, and you
might try typing `S' now just to see what is salvageable.

Missing character: There is no ✅ ("2705) in font nullfont!
! Misplaced \noalign.
\hline ->\noalign 
                  {\ifnum 0=`}\fi \hrule \@height \arrayrulewidth \futurelet...
l.61 ^^I\hline
              
I expect to see \noalign only after the \cr of
an alignment. Proceed, and I'll ignore this case.


Overfull \hbox (20.0pt too wide) in paragraph at lines 60--61
[]
 []

Missing character: There is no T ("54) in font nullfont!
Missing character: There is no C ("43) in font nullfont!
Missing character: There is no - ("2D) in font nullfont!
Missing character: There is no 1 ("31) in font nullfont!
Missing character: There is no 4 ("34) in font nullfont!
! Misplaced alignment tab character &.
l.62 ^^ITC-14 &
                Просмотр расписания с календарём & Отображаются занятия на в...
I can't figure out why you would want to use a tab mark
here. If you just want an ampersand, the remedy is
simple: Just type `I\&' now. But if some right brace
up above has ended a previous alignment prematurely,
you're probably due for more error messages, and you
might try typing `S' now just to see what is salvageable.

Missing character: There is no П ("41F) in font nullfont!
Missing character: There is no р ("440) in font nullfont!
Missing character: There is no о ("43E) in font nullfont!
Missing character: There is no с ("441) in font nullfont!
Missing character: There is no м ("43C) in font nullfont!
Missing character: There is no о ("43E) in font nullfont!
Missing character: There is no т ("442) in font nullfont!
Missing character: There is no р ("440) in font nullfont!
Missing character: There is no р ("440) in font nullfont!
Missing character: There is no а ("430) in font nullfont!
Missing character: There is no с ("441) in font nullfont!
Missing character: There is no п ("43F) in font nullfont!
Missing character: There is no и ("438) in font nullfont!
Missing character: There is no с ("441) in font nullfont!
Missing character: There is no а ("430) in font nullfont!
Missing character: There is no н ("43D) in font nullfont!
Missing character: There is no и ("438) in font nullfont!
Missing character: There is no я ("44F) in font nullfont!
Missing character: There is no с ("441) in font nullfont!
Missing character: There is no к ("43A) in font nullfont!
Missing character: There is no а ("430) in font nullfont!
Missing character: There is no л ("43B) in font nullfont!
Missing character: There is no е ("435) in font nullfont!
Missing character: There is no н ("43D) in font nullfont!
Missing character: There is no д ("434) in font nullfont!
Missing character: There is no а ("430) in font nullfont!
Missing character: There is no р ("440) in font nullfont!
Missing character: There is no ё ("451) in font nullfont!
Missing character: There is no м ("43C) in font nullfont!
! Misplaced alignment tab character &.
l.62 ^^ITC-14 & Просмотр расписания с календарём &
                                                   Отображаются занятия на в...
I can't figure out why you would want to use a tab mark
here. If you just want an ampersand, the remedy is
simple: Just type `I\&' now. But if some right brace
up above has ended a previous alignment prematurely,
you're probably due for more error messages, and you
might try typing `S' now just to see what is salvageable.

Missing character: There is no О ("41E) in font nullfont!
Missing character: There is no т ("442) in font nullfont!
Missing character: There is no о ("43E) in font nullfont!
Missing character: There is no б ("431) in font nullfont!
Missing character: There is no р ("440) in font nullfont!
Missing character: There is no а ("430) in font nullfont!
Missing character: There is no ж ("436) in font nullfont!
Missing character: There is no а ("430) in font nullfont!
Missing character: There is no ю ("44E) in font nullfont!
Missing character: There is no т ("442) in font nullfont!
Missing character: There is no с ("441) in font nullfont!
Missing character: There is no я ("44F) in font nullfont!
Missing character: There is no з ("437) in font nullfont!
Missing character: There is no а ("430) in font nullfont!
Missing character: There is no н ("43D) in font nullfont!
Missing character: There is no я ("44F) in font nullfont!
Missing character: There is no т ("442) in font nullfont!
Missing character: There is no и ("438) in font nullfont!
Missing character: There is no я ("44F) in font nullfont!
Missing character: There is no н ("43D) in font nullfont!
Missing character: There is no а ("430) in font nullfont!
Missing character: There is no в ("432) in font nullfont!
Missing character: There is no ы ("44B) in font nullfont!
Missing character: There is no б ("431) in font nullfont!
Missing character: There is no р ("440) in font nullfont!
Missing character: There is no а ("430) in font nullfont!
Missing character: There is no н ("43D) in font nullfont!
Missing character: There is no н ("43D) in font nullfont!
Missing character: There is no у ("443) in font nullfont!
Missing character: There is no ю ("44E) in font nullfont!
Missing character: There is no д ("434) in font nullfont!
Missing character: There is no а ("430) in font nullfont!
Missing character: There is no т ("442) in font nullfont!
Missing character: There is no у ("443) in font nullfont!
! Misplaced alignment tab character &.
l.62 ...& Отображаются занятия на выбранную дату &
                                                   Соответствует & ✅ \\
I can't figure out why you would want to use a tab mark
here. If you just want an ampersand, the remedy is
simple: Just type `I\&' now. But if some right brace
up above has ended a previous alignment prematurely,
you're probably due for more error messages, and you
might try typing `S' now just to see what is salvageable.

Missing character: There is no С ("421) in font nullfont!
Missing character: There is no о ("43E) in font nullfont!
Missing character: There is no о ("43E) in font nullfont!
Missing character: There is no т ("442) in font nullfont!
Missing character: There is no в ("432) in font nullfont!
Missing character: There is no е ("435) in font nullfont!
Missing character: There is no т ("442) in font nullfont!
Missing character: There is no с ("441) in font nullfont!
Missing character: There is no т ("442) in font nullfont!
Missing character: There is no в ("432) in font nullfont!
Missing character: There is no у ("443) in font nullfont!
Missing character: There is no е ("435) in font nullfont!
Missing character: There is no т ("442) in font nullfont!
! Misplaced alignment tab character &.
l.62 ...анятия на выбранную дату & Соответствует &
                                                   ✅ \\
I can't figure out why you would want to use a tab mark
here. If you just want an ampersand, the remedy is
simple: Just type `I\&' now. But if some right brace
up above has ended a previous alignment prematurely,
you're probably due for more error messages, and you
might try typing `S' now just to see what is salvageable.

Missing character: There is no ✅ ("2705) in font nullfont!
! Misplaced \noalign.
\hline ->\noalign 
                  {\ifnum 0=`}\fi \hrule \@height \arrayrulewidth \futurelet...
l.63 ^^I\hline
              
I expect to see \noalign only after the \cr of
an alignment. Proceed, and I'll ignore this case.


Overfull \hbox (20.0pt too wide) in paragraph at lines 62--63
[]
 []

Missing character: There is no T ("54) in font nullfont!
Missing character: There is no C ("43) in font nullfont!
Missing character: There is no - ("2D) in font nullfont!
Missing character: There is no 1 ("31) in font nullfont!
Missing character: There is no 5 ("35) in font nullfont!
! Misplaced alignment tab character &.
l.64 ^^ITC-15 &
                Просмотр списка инструкторов & Список инструкторов отображае...
I can't figure out why you would want to use a tab mark
here. If you just want an ampersand, the remedy is
simple: Just type `I\&' now. But if some right brace
up above has ended a previous alignment prematurely,
you're probably due for more error messages, and you
might try typing `S' now just to see what is salvageable.

Missing character: There is no П ("41F) in font nullfont!
Missing character: There is no р ("440) in font nullfont!
Missing character: There is no о ("43E) in font nullfont!
Missing character: There is no с ("441) in font nullfont!
Missing character: There is no м ("43C) in font nullfont!
Missing character: There is no о ("43E) in font nullfont!
Missing character: There is no т ("442) in font nullfont!
Missing character: There is no р ("440) in font nullfont!
Missing character: There is no с ("441) in font nullfont!
Missing character: There is no п ("43F) in font nullfont!
Missing character: There is no и ("438) in font nullfont!
Missing character: There is no с ("441) in font nullfont!
Missing character: There is no к ("43A) in font nullfont!
Missing character: There is no а ("430) in font nullfont!
Missing character: There is no и ("438) in font nullfont!
Missing character: There is no н ("43D) in font nullfont!
Missing character: There is no с ("441) in font nullfont!
Missing character: There is no т ("442) in font nullfont!
Missing character: There is no р ("440) in font nullfont!
Missing character: There is no у ("443) in font nullfont!
Missing character: There is no к ("43A) in font nullfont!
Missing character: There is no т ("442) in font nullfont!
Missing character: There is no о ("43E) in font nullfont!
Missing character: There is no р ("440) in font nullfont!
Missing character: There is no о ("43E) in font nullfont!
Missing character: There is no в ("432) in font nullfont!
! Misplaced alignment tab character &.
l.64 ^^ITC-15 & Просмотр списка инструкторов &
                                               Список инструкторов отображае...
I can't figure out why you would want to use a tab mark
here. If you just want an ampersand, the remedy is
simple: Just type `I\&' now. But if some right brace
up above has ended a previous alignment prematurely,
you're probably due for more error messages, and you
might try typing `S' now just to see what is salvageable.

Missing character: There is no С ("421) in font nullfont!
Missing character: There is no п ("43F) in font nullfont!
Missing character: There is no и ("438) in font nullfont!
Missing character: There is no с ("441) in font nullfont!
Missing character: There is no о ("43E) in font nullfont!
Missing character: There is no к ("43A) in font nullfont!
Missing character: There is no и ("438) in font nullfont!
Missing character: There is no н ("43D) in font nullfont!
Missing character: There is no с ("441) in font nullfont!
Missing character: There is no т ("442) in font nullfont!
Missing character: There is no р ("440) in font nullfont!
Missing character: There is no у ("443) in font nullfont!
Missing character: There is no к ("43A) in font nullfont!
Missing character: There is no т ("442) in font nullfont!
Missing character: There is no о ("43E) in font nullfont!
Missing character: There is no р ("440) in font nullfont!
Missing character: There is no о ("43E) in font nullfont!
Missing character: There is no в ("432) in font nullfont!
Missing character: There is no о ("43E) in font nullfont!
Missing character: There is no т ("442) in font nullfont!
Missing character: There is no о ("43E) in font nullfont!
Missing character: There is no б ("431) in font nullfont!
Missing character: There is no р ("440) in font nullfont!
Missing character: There is no а ("430) in font nullfont!
Missing character: There is no ж ("436) in font nullfont!
Missing character: There is no а ("430) in font nullfont!
Missing character: There is no е ("435) in font nullfont!
Missing character: There is no т ("442) in font nullfont!
Missing character: There is no с ("441) in font nullfont!
Missing character: There is no я ("44F) in font nullfont!
! Misplaced alignment tab character &.
l.64 ...торов & Список инструкторов отображается &
                                                   Соответствует & ✅ \\
I can't figure out why you would want to use a tab mark
here. If you just want an ampersand, the remedy is
simple: Just type `I\&' now. But if some right brace
up above has ended a previous alignment prematurely,
you're probably due for more error messages, and you
might try typing `S' now just to see what is salvageable.

Missing character: There is no С ("421) in font nullfont!
Missing character: There is no о ("43E) in font nullfont!
Missing character: There is no о ("43E) in font nullfont!
Missing character: There is no т ("442) in font nullfont!
Missing character: There is no в ("432) in font nullfont!
Missing character: There is no е ("435) in font nullfont!
Missing character: There is no т ("442) in font nullfont!
Missing character: There is no с ("441) in font nullfont!
Missing character: There is no т ("442) in font nullfont!
Missing character: There is no в ("432) in font nullfont!
Missing character: There is no у ("443) in font nullfont!
Missing character: There is no е ("435) in font nullfont!
Missing character: There is no т ("442) in font nullfont!
! Misplaced alignment tab character &.
l.64 ...нструкторов отображается & Соответствует &
                                                   ✅ \\
I can't figure out why you would want to use a tab mark
here. If you just want an ampersand, the remedy is
simple: Just type `I\&' now. But if some right brace
up above has ended a previous alignment prematurely,
you're probably due for more error messages, and you
might try typing `S' now just to see what is salvageable.

Missing character: There is no ✅ ("2705) in font nullfont!
! Misplaced \noalign.
\hline ->\noalign 
                  {\ifnum 0=`}\fi \hrule \@height \arrayrulewidth \futurelet...
l.65 ^^I\hline
              
I expect to see \noalign only after the \cr of
an alignment. Proceed, and I'll ignore this case.


Overfull \hbox (20.0pt too wide) in paragraph at lines 64--65
[]
 []

Missing character: There is no T ("54) in font nullfont!
Missing character: There is no C ("43) in font nullfont!
Missing character: There is no - ("2D) in font nullfont!
Missing character: There is no 1 ("31) in font nullfont!
Missing character: There is no 6 ("36) in font nullfont!
! Misplaced alignment tab character &.
l.66 ^^ITC-16 &
                Редактирование профиля & Данные обновлены в SharedPreference...
I can't figure out why you would want to use a tab mark
here. If you just want an ampersand, the remedy is
simple: Just type `I\&' now. But if some right brace
up above has ended a previous alignment prematurely,
you're probably due for more error messages, and you
might try typing `S' now just to see what is salvageable.

Missing character: There is no Р ("420) in font nullfont!
Missing character: There is no е ("435) in font nullfont!
Missing character: There is no д ("434) in font nullfont!
Missing character: There is no а ("430) in font nullfont!
Missing character: There is no к ("43A) in font nullfont!
Missing character: There is no т ("442) in font nullfont!
Missing character: There is no и ("438) in font nullfont!
Missing character: There is no р ("440) in font nullfont!
Missing character: There is no о ("43E) in font nullfont!
Missing character: There is no в ("432) in font nullfont!
Missing character: There is no а ("430) in font nullfont!
Missing character: There is no н ("43D) in font nullfont!
Missing character: There is no и ("438) in font nullfont!
Missing character: There is no е ("435) in font nullfont!
Missing character: There is no п ("43F) in font nullfont!
Missing character: There is no р ("440) in font nullfont!
Missing character: There is no о ("43E) in font nullfont!
Missing character: There is no ф ("444) in font nullfont!
Missing character: There is no и ("438) in font nullfont!
Missing character: There is no л ("43B) in font nullfont!
Missing character: There is no я ("44F) in font nullfont!
! Misplaced alignment tab character &.
l.66 ^^ITC-16 & Редактирование профиля &
                                         Данные обновлены в SharedPreference...
I can't figure out why you would want to use a tab mark
here. If you just want an ampersand, the remedy is
simple: Just type `I\&' now. But if some right brace
up above has ended a previous alignment prematurely,
you're probably due for more error messages, and you
might try typing `S' now just to see what is salvageable.

Missing character: There is no Д ("414) in font nullfont!
Missing character: There is no а ("430) in font nullfont!
Missing character: There is no н ("43D) in font nullfont!
Missing character: There is no н ("43D) in font nullfont!
Missing character: There is no ы ("44B) in font nullfont!
Missing character: There is no е ("435) in font nullfont!
Missing character: There is no о ("43E) in font nullfont!
Missing character: There is no б ("431) in font nullfont!
Missing character: There is no н ("43D) in font nullfont!
Missing character: There is no о ("43E) in font nullfont!
Missing character: There is no в ("432) in font nullfont!
Missing character: There is no л ("43B) in font nullfont!
Missing character: There is no е ("435) in font nullfont!
Missing character: There is no н ("43D) in font nullfont!
Missing character: There is no ы ("44B) in font nullfont!
Missing character: There is no в ("432) in font nullfont!
Missing character: There is no S ("53) in font nullfont!
Missing character: There is no h ("68) in font nullfont!
Missing character: There is no a ("61) in font nullfont!
Missing character: There is no r ("72) in font nullfont!
Missing character: There is no e ("65) in font nullfont!
Missing character: There is no d ("64) in font nullfont!
Missing character: There is no P ("50) in font nullfont!
Missing character: There is no r ("72) in font nullfont!
Missing character: There is no e ("65) in font nullfont!
Missing character: There is no f ("66) in font nullfont!
Missing character: There is no e ("65) in font nullfont!
Missing character: There is no r ("72) in font nullfont!
Missing character: There is no e ("65) in font nullfont!
Missing character: There is no n ("6E) in font nullfont!
Missing character: There is no c ("63) in font nullfont!
Missing character: There is no e ("65) in font nullfont!
Missing character: There is no s ("73) in font nullfont!
! Misplaced alignment tab character &.
l.66 ...я & Данные обновлены в SharedPreferences &
                                                   Соответствует & ✅ \\
I can't figure out why you would want to use a tab mark
here. If you just want an ampersand, the remedy is
simple: Just type `I\&' now. But if some right brace
up above has ended a previous alignment prematurely,
you're probably due for more error messages, and you
might try typing `S' now just to see what is salvageable.

Missing character: There is no С ("421) in font nullfont!
Missing character: There is no о ("43E) in font nullfont!
Missing character: There is no о ("43E) in font nullfont!
Missing character: There is no т ("442) in font nullfont!
Missing character: There is no в ("432) in font nullfont!
Missing character: There is no е ("435) in font nullfont!
Missing character: There is no т ("442) in font nullfont!
Missing character: There is no с ("441) in font nullfont!
Missing character: There is no т ("442) in font nullfont!
Missing character: There is no в ("432) in font nullfont!
Missing character: There is no у ("443) in font nullfont!
Missing character: There is no е ("435) in font nullfont!
Missing character: There is no т ("442) in font nullfont!
! Misplaced alignment tab character &.
l.66 ...лены в SharedPreferences & Соответствует &
                                                   ✅ \\
I can't figure out why you would want to use a tab mark
here. If you just want an ampersand, the remedy is
simple: Just type `I\&' now. But if some right brace
up above has ended a previous alignment prematurely,
you're probably due for more error messages, and you
might try typing `S' now just to see what is salvageable.

Missing character: There is no ✅ ("2705) in font nullfont!
! Misplaced \noalign.
\hline ->\noalign 
                  {\ifnum 0=`}\fi \hrule \@height \arrayrulewidth \futurelet...
l.67 ^^I\hline
              
I expect to see \noalign only after the \cr of
an alignment. Proceed, and I'll ignore this case.


Overfull \hbox (20.0pt too wide) in paragraph at lines 66--67
[]
 []

Missing character: There is no T ("54) in font nullfont!
Missing character: There is no C ("43) in font nullfont!
Missing character: There is no - ("2D) in font nullfont!
Missing character: There is no 1 ("31) in font nullfont!
Missing character: There is no 7 ("37) in font nullfont!
! Misplaced alignment tab character &.
l.68 ^^ITC-17 &
                Загрузка аватара & Изображение отображается в профиле & Соот...
I can't figure out why you would want to use a tab mark
here. If you just want an ampersand, the remedy is
simple: Just type `I\&' now. But if some right brace
up above has ended a previous alignment prematurely,
you're probably due for more error messages, and you
might try typing `S' now just to see what is salvageable.

Missing character: There is no З ("417) in font nullfont!
Missing character: There is no а ("430) in font nullfont!
Missing character: There is no г ("433) in font nullfont!
Missing character: There is no р ("440) in font nullfont!
Missing character: There is no у ("443) in font nullfont!
Missing character: There is no з ("437) in font nullfont!
Missing character: There is no к ("43A) in font nullfont!
Missing character: There is no а ("430) in font nullfont!
Missing character: There is no а ("430) in font nullfont!
Missing character: There is no в ("432) in font nullfont!
Missing character: There is no а ("430) in font nullfont!
Missing character: There is no т ("442) in font nullfont!
Missing character: There is no а ("430) in font nullfont!
Missing character: There is no р ("440) in font nullfont!
Missing character: There is no а ("430) in font nullfont!
! Misplaced alignment tab character &.
l.68 ^^ITC-17 & Загрузка аватара &
                                   Изображение отображается в профиле & Соот...
I can't figure out why you would want to use a tab mark
here. If you just want an ampersand, the remedy is
simple: Just type `I\&' now. But if some right brace
up above has ended a previous alignment prematurely,
you're probably due for more error messages, and you
might try typing `S' now just to see what is salvageable.

Missing character: There is no И ("418) in font nullfont!
Missing character: There is no з ("437) in font nullfont!
Missing character: There is no о ("43E) in font nullfont!
Missing character: There is no б ("431) in font nullfont!
Missing character: There is no р ("440) in font nullfont!
Missing character: There is no а ("430) in font nullfont!
Missing character: There is no ж ("436) in font nullfont!
Missing character: There is no е ("435) in font nullfont!
Missing character: There is no н ("43D) in font nullfont!
Missing character: There is no и ("438) in font nullfont!
Missing character: There is no е ("435) in font nullfont!
Missing character: There is no о ("43E) in font nullfont!
Missing character: There is no т ("442) in font nullfont!
Missing character: There is no о ("43E) in font nullfont!
Missing character: There is no б ("431) in font nullfont!
Missing character: There is no р ("440) in font nullfont!
Missing character: There is no а ("430) in font nullfont!
Missing character: There is no ж ("436) in font nullfont!
Missing character: There is no а ("430) in font nullfont!
Missing character: There is no е ("435) in font nullfont!
Missing character: There is no т ("442) in font nullfont!
Missing character: There is no с ("441) in font nullfont!
Missing character: There is no я ("44F) in font nullfont!
Missing character: There is no в ("432) in font nullfont!
Missing character: There is no п ("43F) in font nullfont!
Missing character: There is no р ("440) in font nullfont!
Missing character: There is no о ("43E) in font nullfont!
Missing character: There is no ф ("444) in font nullfont!
Missing character: There is no и ("438) in font nullfont!
Missing character: There is no л ("43B) in font nullfont!
Missing character: There is no е ("435) in font nullfont!
! Misplaced alignment tab character &.
l.68 ...ара & Изображение отображается в профиле &
                                                   Соответствует & ✅ \\
I can't figure out why you would want to use a tab mark
here. If you just want an ampersand, the remedy is
simple: Just type `I\&' now. But if some right brace
up above has ended a previous alignment prematurely,
you're probably due for more error messages, and you
might try typing `S' now just to see what is salvageable.

Missing character: There is no С ("421) in font nullfont!
Missing character: There is no о ("43E) in font nullfont!
Missing character: There is no о ("43E) in font nullfont!
Missing character: There is no т ("442) in font nullfont!
Missing character: There is no в ("432) in font nullfont!
Missing character: There is no е ("435) in font nullfont!
Missing character: There is no т ("442) in font nullfont!
Missing character: There is no с ("441) in font nullfont!
Missing character: There is no т ("442) in font nullfont!
Missing character: There is no в ("432) in font nullfont!
Missing character: There is no у ("443) in font nullfont!
Missing character: There is no е ("435) in font nullfont!
Missing character: There is no т ("442) in font nullfont!
! Misplaced alignment tab character &.
l.68 ...е отображается в профиле & Соответствует &
                                                   ✅ \\
I can't figure out why you would want to use a tab mark
here. If you just want an ampersand, the remedy is
simple: Just type `I\&' now. But if some right brace
up above has ended a previous alignment prematurely,
you're probably due for more error messages, and you
might try typing `S' now just to see what is salvageable.

Missing character: There is no ✅ ("2705) in font nullfont!
! Misplaced \noalign.
\hline ->\noalign 
                  {\ifnum 0=`}\fi \hrule \@height \arrayrulewidth \futurelet...
l.69 ^^I\hline
              
I expect to see \noalign only after the \cr of
an alignment. Proceed, and I'll ignore this case.


Overfull \hbox (20.0pt too wide) in paragraph at lines 68--69
[]
 []

Missing character: There is no T ("54) in font nullfont!
Missing character: There is no C ("43) in font nullfont!
Missing character: There is no - ("2D) in font nullfont!
Missing character: There is no 1 ("31) in font nullfont!
Missing character: There is no 8 ("38) in font nullfont!
! Misplaced alignment tab character &.
l.70 ^^ITC-18 &
                Просмотр прогресса в виде графиков & Графики отображаются ко...
I can't figure out why you would want to use a tab mark
here. If you just want an ampersand, the remedy is
simple: Just type `I\&' now. But if some right brace
up above has ended a previous alignment prematurely,
you're probably due for more error messages, and you
might try typing `S' now just to see what is salvageable.

Missing character: There is no П ("41F) in font nullfont!
Missing character: There is no р ("440) in font nullfont!
Missing character: There is no о ("43E) in font nullfont!
Missing character: There is no с ("441) in font nullfont!
Missing character: There is no м ("43C) in font nullfont!
Missing character: There is no о ("43E) in font nullfont!
Missing character: There is no т ("442) in font nullfont!
Missing character: There is no р ("440) in font nullfont!
Missing character: There is no п ("43F) in font nullfont!
Missing character: There is no р ("440) in font nullfont!
Missing character: There is no о ("43E) in font nullfont!
Missing character: There is no г ("433) in font nullfont!
Missing character: There is no р ("440) in font nullfont!
Missing character: There is no е ("435) in font nullfont!
Missing character: There is no с ("441) in font nullfont!
Missing character: There is no с ("441) in font nullfont!
Missing character: There is no а ("430) in font nullfont!
Missing character: There is no в ("432) in font nullfont!
Missing character: There is no в ("432) in font nullfont!
Missing character: There is no и ("438) in font nullfont!
Missing character: There is no д ("434) in font nullfont!
Missing character: There is no е ("435) in font nullfont!
Missing character: There is no г ("433) in font nullfont!
Missing character: There is no р ("440) in font nullfont!
Missing character: There is no а ("430) in font nullfont!
Missing character: There is no ф ("444) in font nullfont!
Missing character: There is no и ("438) in font nullfont!
Missing character: There is no к ("43A) in font nullfont!
Missing character: There is no о ("43E) in font nullfont!
Missing character: There is no в ("432) in font nullfont!
! Misplaced alignment tab character &.
l.70 ...-18 & Просмотр прогресса в виде графиков &
                                                   Графики отображаются корр...
I can't figure out why you would want to use a tab mark
here. If you just want an ampersand, the remedy is
simple: Just type `I\&' now. But if some right brace
up above has ended a previous alignment prematurely,
you're probably due for more error messages, and you
might try typing `S' now just to see what is salvageable.

Missing character: There is no Г ("413) in font nullfont!
Missing character: There is no р ("440) in font nullfont!
Missing character: There is no а ("430) in font nullfont!
Missing character: There is no ф ("444) in font nullfont!
Missing character: There is no и ("438) in font nullfont!
Missing character: There is no к ("43A) in font nullfont!
Missing character: There is no и ("438) in font nullfont!
Missing character: There is no о ("43E) in font nullfont!
Missing character: There is no т ("442) in font nullfont!
Missing character: There is no о ("43E) in font nullfont!
Missing character: There is no б ("431) in font nullfont!
Missing character: There is no р ("440) in font nullfont!
Missing character: There is no а ("430) in font nullfont!
Missing character: There is no ж ("436) in font nullfont!
Missing character: There is no а ("430) in font nullfont!
Missing character: There is no ю ("44E) in font nullfont!
Missing character: There is no т ("442) in font nullfont!
Missing character: There is no с ("441) in font nullfont!
Missing character: There is no я ("44F) in font nullfont!
Missing character: There is no к ("43A) in font nullfont!
Missing character: There is no о ("43E) in font nullfont!
Missing character: There is no р ("440) in font nullfont!
Missing character: There is no р ("440) in font nullfont!
Missing character: There is no е ("435) in font nullfont!
Missing character: There is no к ("43A) in font nullfont!
Missing character: There is no т ("442) in font nullfont!
Missing character: There is no н ("43D) in font nullfont!
Missing character: There is no о ("43E) in font nullfont!
! Misplaced alignment tab character &.
l.70 ...рафиков & Графики отображаются корректно &
                                                   Соответствует & ✅ \\
I can't figure out why you would want to use a tab mark
here. If you just want an ampersand, the remedy is
simple: Just type `I\&' now. But if some right brace
up above has ended a previous alignment prematurely,
you're probably due for more error messages, and you
might try typing `S' now just to see what is salvageable.

Missing character: There is no С ("421) in font nullfont!
Missing character: There is no о ("43E) in font nullfont!
Missing character: There is no о ("43E) in font nullfont!
Missing character: There is no т ("442) in font nullfont!
Missing character: There is no в ("432) in font nullfont!
Missing character: There is no е ("435) in font nullfont!
Missing character: There is no т ("442) in font nullfont!
Missing character: There is no с ("441) in font nullfont!
Missing character: There is no т ("442) in font nullfont!
Missing character: There is no в ("432) in font nullfont!
Missing character: There is no у ("443) in font nullfont!
Missing character: There is no е ("435) in font nullfont!
Missing character: There is no т ("442) in font nullfont!
! Misplaced alignment tab character &.
l.70 ...и отображаются корректно & Соответствует &
                                                   ✅ \\
I can't figure out why you would want to use a tab mark
here. If you just want an ampersand, the remedy is
simple: Just type `I\&' now. But if some right brace
up above has ended a previous alignment prematurely,
you're probably due for more error messages, and you
might try typing `S' now just to see what is salvageable.

Missing character: There is no ✅ ("2705) in font nullfont!
! Misplaced \noalign.
\hline ->\noalign 
                  {\ifnum 0=`}\fi \hrule \@height \arrayrulewidth \futurelet...
l.71 ^^I\hline
              
I expect to see \noalign only after the \cr of
an alignment. Proceed, and I'll ignore this case.


Overfull \hbox (20.0pt too wide) in paragraph at lines 70--71
[]
 []

Missing character: There is no T ("54) in font nullfont!
Missing character: There is no C ("43) in font nullfont!
Missing character: There is no - ("2D) in font nullfont!
Missing character: There is no 1 ("31) in font nullfont!
Missing character: There is no 9 ("39) in font nullfont!
! Misplaced alignment tab character &.
l.72 ^^ITC-19 &
                Оставление отзыва (рейтинг 5 звёзд) & Отзыв сохранён, рейтин...
I can't figure out why you would want to use a tab mark
here. If you just want an ampersand, the remedy is
simple: Just type `I\&' now. But if some right brace
up above has ended a previous alignment prematurely,
you're probably due for more error messages, and you
might try typing `S' now just to see what is salvageable.

Missing character: There is no О ("41E) in font nullfont!
Missing character: There is no с ("441) in font nullfont!
Missing character: There is no т ("442) in font nullfont!
Missing character: There is no а ("430) in font nullfont!
Missing character: There is no в ("432) in font nullfont!
Missing character: There is no л ("43B) in font nullfont!
Missing character: There is no е ("435) in font nullfont!
Missing character: There is no н ("43D) in font nullfont!
Missing character: There is no и ("438) in font nullfont!
Missing character: There is no е ("435) in font nullfont!
Missing character: There is no о ("43E) in font nullfont!
Missing character: There is no т ("442) in font nullfont!
Missing character: There is no з ("437) in font nullfont!
Missing character: There is no ы ("44B) in font nullfont!
Missing character: There is no в ("432) in font nullfont!
Missing character: There is no а ("430) in font nullfont!
Missing character: There is no ( ("28) in font nullfont!
Missing character: There is no р ("440) in font nullfont!
Missing character: There is no е ("435) in font nullfont!
Missing character: There is no й ("439) in font nullfont!
Missing character: There is no т ("442) in font nullfont!
Missing character: There is no и ("438) in font nullfont!
Missing character: There is no н ("43D) in font nullfont!
Missing character: There is no г ("433) in font nullfont!
Missing character: There is no 5 ("35) in font nullfont!
Missing character: There is no з ("437) in font nullfont!
Missing character: There is no в ("432) in font nullfont!
Missing character: There is no ё ("451) in font nullfont!
Missing character: There is no з ("437) in font nullfont!
Missing character: There is no д ("434) in font nullfont!
Missing character: There is no ) ("29) in font nullfont!
! Misplaced alignment tab character &.
l.72 ...19 & Оставление отзыва (рейтинг 5 звёзд) &
                                                   Отзыв сохранён, рейтинг о...
I can't figure out why you would want to use a tab mark
here. If you just want an ampersand, the remedy is
simple: Just type `I\&' now. But if some right brace
up above has ended a previous alignment prematurely,
you're probably due for more error messages, and you
might try typing `S' now just to see what is salvageable.

Missing character: There is no О ("41E) in font nullfont!
Missing character: There is no т ("442) in font nullfont!
Missing character: There is no з ("437) in font nullfont!
Missing character: There is no ы ("44B) in font nullfont!
Missing character: There is no в ("432) in font nullfont!
Missing character: There is no с ("441) in font nullfont!
Missing character: There is no о ("43E) in font nullfont!
Missing character: There is no х ("445) in font nullfont!
Missing character: There is no р ("440) in font nullfont!
Missing character: There is no а ("430) in font nullfont!
Missing character: There is no н ("43D) in font nullfont!
Missing character: There is no ё ("451) in font nullfont!
Missing character: There is no н ("43D) in font nullfont!
Missing character: There is no , ("2C) in font nullfont!
Missing character: There is no р ("440) in font nullfont!
Missing character: There is no е ("435) in font nullfont!
Missing character: There is no й ("439) in font nullfont!
Missing character: There is no т ("442) in font nullfont!
Missing character: There is no и ("438) in font nullfont!
Missing character: There is no н ("43D) in font nullfont!
Missing character: There is no г ("433) in font nullfont!
Missing character: There is no о ("43E) in font nullfont!
Missing character: There is no б ("431) in font nullfont!
Missing character: There is no н ("43D) in font nullfont!
Missing character: There is no о ("43E) in font nullfont!
Missing character: There is no в ("432) in font nullfont!
Missing character: There is no л ("43B) in font nullfont!
Missing character: There is no ё ("451) in font nullfont!
Missing character: There is no н ("43D) in font nullfont!
! Misplaced alignment tab character &.
l.72 ...вёзд) & Отзыв сохранён, рейтинг обновлён &
                                                   Соответствует & ✅ \\
I can't figure out why you would want to use a tab mark
here. If you just want an ampersand, the remedy is
simple: Just type `I\&' now. But if some right brace
up above has ended a previous alignment prematurely,
you're probably due for more error messages, and you
might try typing `S' now just to see what is salvageable.

Missing character: There is no С ("421) in font nullfont!
Missing character: There is no о ("43E) in font nullfont!
Missing character: There is no о ("43E) in font nullfont!
Missing character: There is no т ("442) in font nullfont!
Missing character: There is no в ("432) in font nullfont!
Missing character: There is no е ("435) in font nullfont!
Missing character: There is no т ("442) in font nullfont!
Missing character: There is no с ("441) in font nullfont!
Missing character: There is no т ("442) in font nullfont!
Missing character: There is no в ("432) in font nullfont!
Missing character: There is no у ("443) in font nullfont!
Missing character: There is no е ("435) in font nullfont!
Missing character: There is no т ("442) in font nullfont!
! Misplaced alignment tab character &.
l.72 ...хранён, рейтинг обновлён & Соответствует &
                                                   ✅ \\
I can't figure out why you would want to use a tab mark
here. If you just want an ampersand, the remedy is
simple: Just type `I\&' now. But if some right brace
up above has ended a previous alignment prematurely,
you're probably due for more error messages, and you
might try typing `S' now just to see what is salvageable.

Missing character: There is no ✅ ("2705) in font nullfont!
! Misplaced \noalign.
\hline ->\noalign 
                  {\ifnum 0=`}\fi \hrule \@height \arrayrulewidth \futurelet...
l.73 ^^I\hline
              
I expect to see \noalign only after the \cr of
an alignment. Proceed, and I'll ignore this case.


Overfull \hbox (20.0pt too wide) in paragraph at lines 72--73
[]
 []

Missing character: There is no T ("54) in font nullfont!
Missing character: There is no C ("43) in font nullfont!
Missing character: There is no - ("2D) in font nullfont!
Missing character: There is no 2 ("32) in font nullfont!
Missing character: There is no 0 ("30) in font nullfont!
! Misplaced alignment tab character &.
l.74 ^^ITC-20 &
                Оставление отзыва без текста & Отзыв сохранён (текст не обяз...
I can't figure out why you would want to use a tab mark
here. If you just want an ampersand, the remedy is
simple: Just type `I\&' now. But if some right brace
up above has ended a previous alignment prematurely,
you're probably due for more error messages, and you
might try typing `S' now just to see what is salvageable.

Missing character: There is no О ("41E) in font nullfont!
Missing character: There is no с ("441) in font nullfont!
Missing character: There is no т ("442) in font nullfont!
Missing character: There is no а ("430) in font nullfont!
Missing character: There is no в ("432) in font nullfont!
Missing character: There is no л ("43B) in font nullfont!
Missing character: There is no е ("435) in font nullfont!
Missing character: There is no н ("43D) in font nullfont!
Missing character: There is no и ("438) in font nullfont!
Missing character: There is no е ("435) in font nullfont!
Missing character: There is no о ("43E) in font nullfont!
Missing character: There is no т ("442) in font nullfont!
Missing character: There is no з ("437) in font nullfont!
Missing character: There is no ы ("44B) in font nullfont!
Missing character: There is no в ("432) in font nullfont!
Missing character: There is no а ("430) in font nullfont!
Missing character: There is no б ("431) in font nullfont!
Missing character: There is no е ("435) in font nullfont!
Missing character: There is no з ("437) in font nullfont!
Missing character: There is no т ("442) in font nullfont!
Missing character: There is no е ("435) in font nullfont!
Missing character: There is no к ("43A) in font nullfont!
Missing character: There is no с ("441) in font nullfont!
Missing character: There is no т ("442) in font nullfont!
Missing character: There is no а ("430) in font nullfont!
! Misplaced alignment tab character &.
l.74 ^^ITC-20 & Оставление отзыва без текста &
                                               Отзыв сохранён (текст не обяз...
I can't figure out why you would want to use a tab mark
here. If you just want an ampersand, the remedy is
simple: Just type `I\&' now. But if some right brace
up above has ended a previous alignment prematurely,
you're probably due for more error messages, and you
might try typing `S' now just to see what is salvageable.

Missing character: There is no О ("41E) in font nullfont!
Missing character: There is no т ("442) in font nullfont!
Missing character: There is no з ("437) in font nullfont!
Missing character: There is no ы ("44B) in font nullfont!
Missing character: There is no в ("432) in font nullfont!
Missing character: There is no с ("441) in font nullfont!
Missing character: There is no о ("43E) in font nullfont!
Missing character: There is no х ("445) in font nullfont!
Missing character: There is no р ("440) in font nullfont!
Missing character: There is no а ("430) in font nullfont!
Missing character: There is no н ("43D) in font nullfont!
Missing character: There is no ё ("451) in font nullfont!
Missing character: There is no н ("43D) in font nullfont!
Missing character: There is no ( ("28) in font nullfont!
Missing character: There is no т ("442) in font nullfont!
Missing character: There is no е ("435) in font nullfont!
Missing character: There is no к ("43A) in font nullfont!
Missing character: There is no с ("441) in font nullfont!
Missing character: There is no т ("442) in font nullfont!
Missing character: There is no н ("43D) in font nullfont!
Missing character: There is no е ("435) in font nullfont!
Missing character: There is no о ("43E) in font nullfont!
Missing character: There is no б ("431) in font nullfont!
Missing character: There is no я ("44F) in font nullfont!
Missing character: There is no з ("437) in font nullfont!
Missing character: There is no а ("430) in font nullfont!
Missing character: There is no т ("442) in font nullfont!
Missing character: There is no е ("435) in font nullfont!
Missing character: There is no л ("43B) in font nullfont!
Missing character: There is no е ("435) in font nullfont!
Missing character: There is no н ("43D) in font nullfont!
Missing character: There is no ) ("29) in font nullfont!
! Misplaced alignment tab character &.
l.74 ...а & Отзыв сохранён (текст не обязателен) &
                                                   Соответствует & ✅ \\
I can't figure out why you would want to use a tab mark
here. If you just want an ampersand, the remedy is
simple: Just type `I\&' now. But if some right brace
up above has ended a previous alignment prematurely,
you're probably due for more error messages, and you
might try typing `S' now just to see what is salvageable.

Missing character: There is no С ("421) in font nullfont!
Missing character: There is no о ("43E) in font nullfont!
Missing character: There is no о ("43E) in font nullfont!
Missing character: There is no т ("442) in font nullfont!
Missing character: There is no в ("432) in font nullfont!
Missing character: There is no е ("435) in font nullfont!
Missing character: There is no т ("442) in font nullfont!
Missing character: There is no с ("441) in font nullfont!
Missing character: There is no т ("442) in font nullfont!
Missing character: There is no в ("432) in font nullfont!
Missing character: There is no у ("443) in font nullfont!
Missing character: There is no е ("435) in font nullfont!
Missing character: There is no т ("442) in font nullfont!
! Misplaced alignment tab character &.
l.74 ...ён (текст не обязателен) & Соответствует &
                                                   ✅ \\
I can't figure out why you would want to use a tab mark
here. If you just want an ampersand, the remedy is
simple: Just type `I\&' now. But if some right brace
up above has ended a previous alignment prematurely,
you're probably due for more error messages, and you
might try typing `S' now just to see what is salvageable.

Missing character: There is no ✅ ("2705) in font nullfont!
! Misplaced \noalign.
\hline ->\noalign 
                  {\ifnum 0=`}\fi \hrule \@height \arrayrulewidth \futurelet...
l.75 ^^I\hline
              
I expect to see \noalign only after the \cr of
an alignment. Proceed, and I'll ignore this case.


Overfull \hbox (20.0pt too wide) in paragraph at lines 74--75
[]
 []

Missing character: There is no T ("54) in font nullfont!
Missing character: There is no C ("43) in font nullfont!
Missing character: There is no - ("2D) in font nullfont!
Missing character: There is no 2 ("32) in font nullfont!
Missing character: There is no 1 ("31) in font nullfont!
! Misplaced alignment tab character &.
l.76 ^^ITC-21 &
                Просмотр списка активных записей & Список записей отображает...
I can't figure out why you would want to use a tab mark
here. If you just want an ampersand, the remedy is
simple: Just type `I\&' now. But if some right brace
up above has ended a previous alignment prematurely,
you're probably due for more error messages, and you
might try typing `S' now just to see what is salvageable.

Missing character: There is no П ("41F) in font nullfont!
Missing character: There is no р ("440) in font nullfont!
Missing character: There is no о ("43E) in font nullfont!
Missing character: There is no с ("441) in font nullfont!
Missing character: There is no м ("43C) in font nullfont!
Missing character: There is no о ("43E) in font nullfont!
Missing character: There is no т ("442) in font nullfont!
Missing character: There is no р ("440) in font nullfont!
Missing character: There is no с ("441) in font nullfont!
Missing character: There is no п ("43F) in font nullfont!
Missing character: There is no и ("438) in font nullfont!
Missing character: There is no с ("441) in font nullfont!
Missing character: There is no к ("43A) in font nullfont!
Missing character: There is no а ("430) in font nullfont!
Missing character: There is no а ("430) in font nullfont!
Missing character: There is no к ("43A) in font nullfont!
Missing character: There is no т ("442) in font nullfont!
Missing character: There is no и ("438) in font nullfont!
Missing character: There is no в ("432) in font nullfont!
Missing character: There is no н ("43D) in font nullfont!
Missing character: There is no ы ("44B) in font nullfont!
Missing character: There is no х ("445) in font nullfont!
Missing character: There is no з ("437) in font nullfont!
Missing character: There is no а ("430) in font nullfont!
Missing character: There is no п ("43F) in font nullfont!
Missing character: There is no и ("438) in font nullfont!
Missing character: There is no с ("441) in font nullfont!
Missing character: There is no е ("435) in font nullfont!
Missing character: There is no й ("439) in font nullfont!
! Misplaced alignment tab character &.
l.76 ^^ITC-21 & Просмотр списка активных записей &
                                                   Список записей отображает...
I can't figure out why you would want to use a tab mark
here. If you just want an ampersand, the remedy is
simple: Just type `I\&' now. But if some right brace
up above has ended a previous alignment prematurely,
you're probably due for more error messages, and you
might try typing `S' now just to see what is salvageable.

Missing character: There is no С ("421) in font nullfont!
Missing character: There is no п ("43F) in font nullfont!
Missing character: There is no и ("438) in font nullfont!
Missing character: There is no с ("441) in font nullfont!
Missing character: There is no о ("43E) in font nullfont!
Missing character: There is no к ("43A) in font nullfont!
Missing character: There is no з ("437) in font nullfont!
Missing character: There is no а ("430) in font nullfont!
Missing character: There is no п ("43F) in font nullfont!
Missing character: There is no и ("438) in font nullfont!
Missing character: There is no с ("441) in font nullfont!
Missing character: There is no е ("435) in font nullfont!
Missing character: There is no й ("439) in font nullfont!
Missing character: There is no о ("43E) in font nullfont!
Missing character: There is no т ("442) in font nullfont!
Missing character: There is no о ("43E) in font nullfont!
Missing character: There is no б ("431) in font nullfont!
Missing character: There is no р ("440) in font nullfont!
Missing character: There is no а ("430) in font nullfont!
Missing character: There is no ж ("436) in font nullfont!
Missing character: There is no а ("430) in font nullfont!
Missing character: There is no е ("435) in font nullfont!
Missing character: There is no т ("442) in font nullfont!
Missing character: There is no с ("441) in font nullfont!
Missing character: There is no я ("44F) in font nullfont!
! Misplaced alignment tab character &.
l.76 ...ых записей & Список записей отображается &
                                                   Соответствует & ✅ \\
I can't figure out why you would want to use a tab mark
here. If you just want an ampersand, the remedy is
simple: Just type `I\&' now. But if some right brace
up above has ended a previous alignment prematurely,
you're probably due for more error messages, and you
might try typing `S' now just to see what is salvageable.

Missing character: There is no С ("421) in font nullfont!
Missing character: There is no о ("43E) in font nullfont!
Missing character: There is no о ("43E) in font nullfont!
Missing character: There is no т ("442) in font nullfont!
Missing character: There is no в ("432) in font nullfont!
Missing character: There is no е ("435) in font nullfont!
Missing character: There is no т ("442) in font nullfont!
Missing character: There is no с ("441) in font nullfont!
Missing character: There is no т ("442) in font nullfont!
Missing character: There is no в ("432) in font nullfont!
Missing character: There is no у ("443) in font nullfont!
Missing character: There is no е ("435) in font nullfont!
Missing character: There is no т ("442) in font nullfont!
! Misplaced alignment tab character &.
l.76 ...сок записей отображается & Соответствует &
                                                   ✅ \\
I can't figure out why you would want to use a tab mark
here. If you just want an ampersand, the remedy is
simple: Just type `I\&' now. But if some right brace
up above has ended a previous alignment prematurely,
you're probably due for more error messages, and you
might try typing `S' now just to see what is salvageable.

Missing character: There is no ✅ ("2705) in font nullfont!
! Misplaced \noalign.
\hline ->\noalign 
                  {\ifnum 0=`}\fi \hrule \@height \arrayrulewidth \futurelet...
l.77 ^^I\hline
              
I expect to see \noalign only after the \cr of
an alignment. Proceed, and I'll ignore this case.


Overfull \hbox (20.0pt too wide) in paragraph at lines 76--77
[]
 []

Missing character: There is no T ("54) in font nullfont!
Missing character: There is no C ("43) in font nullfont!
Missing character: There is no - ("2D) in font nullfont!
Missing character: There is no 2 ("32) in font nullfont!
Missing character: There is no 2 ("32) in font nullfont!
! Misplaced alignment tab character &.
l.78 ^^ITC-22 &
                Получение напоминания о занятии & Уведомление получено за 1 ...
I can't figure out why you would want to use a tab mark
here. If you just want an ampersand, the remedy is
simple: Just type `I\&' now. But if some right brace
up above has ended a previous alignment prematurely,
you're probably due for more error messages, and you
might try typing `S' now just to see what is salvageable.

Missing character: There is no П ("41F) in font nullfont!
Missing character: There is no о ("43E) in font nullfont!
Missing character: There is no л ("43B) in font nullfont!
Missing character: There is no у ("443) in font nullfont!
Missing character: There is no ч ("447) in font nullfont!
Missing character: There is no е ("435) in font nullfont!
Missing character: There is no н ("43D) in font nullfont!
Missing character: There is no и ("438) in font nullfont!
Missing character: There is no е ("435) in font nullfont!
Missing character: There is no н ("43D) in font nullfont!
Missing character: There is no а ("430) in font nullfont!
Missing character: There is no п ("43F) in font nullfont!
Missing character: There is no о ("43E) in font nullfont!
Missing character: There is no м ("43C) in font nullfont!
Missing character: There is no и ("438) in font nullfont!
Missing character: There is no н ("43D) in font nullfont!
Missing character: There is no а ("430) in font nullfont!
Missing character: There is no н ("43D) in font nullfont!
Missing character: There is no и ("438) in font nullfont!
Missing character: There is no я ("44F) in font nullfont!
Missing character: There is no о ("43E) in font nullfont!
Missing character: There is no з ("437) in font nullfont!
Missing character: There is no а ("430) in font nullfont!
Missing character: There is no н ("43D) in font nullfont!
Missing character: There is no я ("44F) in font nullfont!
Missing character: There is no т ("442) in font nullfont!
Missing character: There is no и ("438) in font nullfont!
Missing character: There is no и ("438) in font nullfont!
! Misplaced alignment tab character &.
l.78 ^^ITC-22 & Получение напоминания о занятии &
                                                  Уведомление получено за 1 ...
I can't figure out why you would want to use a tab mark
here. If you just want an ampersand, the remedy is
simple: Just type `I\&' now. But if some right brace
up above has ended a previous alignment prematurely,
you're probably due for more error messages, and you
might try typing `S' now just to see what is salvageable.

Missing character: There is no У ("423) in font nullfont!
Missing character: There is no в ("432) in font nullfont!
Missing character: There is no е ("435) in font nullfont!
Missing character: There is no д ("434) in font nullfont!
Missing character: There is no о ("43E) in font nullfont!
Missing character: There is no м ("43C) in font nullfont!
Missing character: There is no л ("43B) in font nullfont!
Missing character: There is no е ("435) in font nullfont!
Missing character: There is no н ("43D) in font nullfont!
Missing character: There is no и ("438) in font nullfont!
Missing character: There is no е ("435) in font nullfont!
Missing character: There is no п ("43F) in font nullfont!
Missing character: There is no о ("43E) in font nullfont!
Missing character: There is no л ("43B) in font nullfont!
Missing character: There is no у ("443) in font nullfont!
Missing character: There is no ч ("447) in font nullfont!
Missing character: There is no е ("435) in font nullfont!
Missing character: There is no н ("43D) in font nullfont!
Missing character: There is no о ("43E) in font nullfont!
Missing character: There is no з ("437) in font nullfont!
Missing character: There is no а ("430) in font nullfont!
Missing character: There is no 1 ("31) in font nullfont!
Missing character: There is no ч ("447) in font nullfont!
Missing character: There is no а ("430) in font nullfont!
Missing character: There is no с ("441) in font nullfont!
! Misplaced alignment tab character &.
l.78 ... занятии & Уведомление получено за 1 час &
                                                   Соответствует & ✅ \\
I can't figure out why you would want to use a tab mark
here. If you just want an ampersand, the remedy is
simple: Just type `I\&' now. But if some right brace
up above has ended a previous alignment prematurely,
you're probably due for more error messages, and you
might try typing `S' now just to see what is salvageable.

Missing character: There is no С ("421) in font nullfont!
Missing character: There is no о ("43E) in font nullfont!
Missing character: There is no о ("43E) in font nullfont!
Missing character: There is no т ("442) in font nullfont!
Missing character: There is no в ("432) in font nullfont!
Missing character: There is no е ("435) in font nullfont!
Missing character: There is no т ("442) in font nullfont!
Missing character: There is no с ("441) in font nullfont!
Missing character: There is no т ("442) in font nullfont!
Missing character: There is no в ("432) in font nullfont!
Missing character: There is no у ("443) in font nullfont!
Missing character: There is no е ("435) in font nullfont!
Missing character: There is no т ("442) in font nullfont!
! Misplaced alignment tab character &.
l.78 ...мление получено за 1 час & Соответствует &
                                                   ✅ \\
I can't figure out why you would want to use a tab mark
here. If you just want an ampersand, the remedy is
simple: Just type `I\&' now. But if some right brace
up above has ended a previous alignment prematurely,
you're probably due for more error messages, and you
might try typing `S' now just to see what is salvageable.

Missing character: There is no ✅ ("2705) in font nullfont!
! Misplaced \noalign.
\hline ->\noalign 
                  {\ifnum 0=`}\fi \hrule \@height \arrayrulewidth \futurelet...
l.79 ^^I\hline
              
I expect to see \noalign only after the \cr of
an alignment. Proceed, and I'll ignore this case.


Overfull \hbox (20.0pt too wide) in paragraph at lines 78--79
[]
 []


! LaTeX Error: \begin{document} ended by \end{longtable}.

See the LaTeX manual or LaTeX Companion for explanation.
Type  H <return>  for immediate help.
 ...                                              
                                                  
l.80 \end{longtable}
                    
Your command was ignored.
Type  I <command> <return>  to replace it with another command,
or  <return>  to continue without it.

! Undefined control sequence.
l.83 \subsection
                {Тестирование пользовательского интерфейса}
The control sequence at the end of the top line
of your error message was never \def'ed. If you have
misspelled it (e.g., `\hobx'), type `I' and the correct
spelling (e.g., `I\hbox'). Otherwise just continue,
and I'll forget about whatever was undefined.

Missing character: There is no Т ("422) in font nullfont!
Missing character: There is no е ("435) in font nullfont!
Missing character: There is no с ("441) in font nullfont!
Missing character: There is no т ("442) in font nullfont!
Missing character: There is no и ("438) in font nullfont!
Missing character: There is no р ("440) in font nullfont!
Missing character: There is no о ("43E) in font nullfont!
Missing character: There is no в ("432) in font nullfont!
Missing character: There is no а ("430) in font nullfont!
Missing character: There is no н ("43D) in font nullfont!
Missing character: There is no и ("438) in font nullfont!
Missing character: There is no е ("435) in font nullfont!
Missing character: There is no п ("43F) in font nullfont!
Missing character: There is no о ("43E) in font nullfont!
Missing character: There is no л ("43B) in font nullfont!
Missing character: There is no ь ("44C) in font nullfont!
Missing character: There is no з ("437) in font nullfont!
Missing character: There is no о ("43E) in font nullfont!
Missing character: There is no в ("432) in font nullfont!
Missing character: There is no а ("430) in font nullfont!
Missing character: There is no т ("442) in font nullfont!
Missing character: There is no е ("435) in font nullfont!
Missing character: There is no л ("43B) in font nullfont!
Missing character: There is no ь ("44C) in font nullfont!
Missing character: There is no с ("441) in font nullfont!
Missing character: There is no к ("43A) in font nullfont!
Missing character: There is no о ("43E) in font nullfont!
Missing character: There is no г ("433) in font nullfont!
Missing character: There is no о ("43E) in font nullfont!
Missing character: There is no и ("438) in font nullfont!
Missing character: There is no н ("43D) in font nullfont!
Missing character: There is no т ("442) in font nullfont!
Missing character: There is no е ("435) in font nullfont!
Missing character: There is no р ("440) in font nullfont!
Missing character: There is no ф ("444) in font nullfont!
Missing character: There is no е ("435) in font nullfont!
Missing character: There is no й ("439) in font nullfont!
Missing character: There is no с ("441) in font nullfont!
Missing character: There is no а ("430) in font nullfont!

Overfull \hbox (20.0pt too wide) in paragraph at lines 83--84
[]
 []

Missing character: There is no В ("412) in font nullfont!
Missing character: There is no т ("442) in font nullfont!
Missing character: There is no а ("430) in font nullfont!
Missing character: There is no б ("431) in font nullfont!
Missing character: There is no л ("43B) in font nullfont!
Missing character: There is no и ("438) in font nullfont!
Missing character: There is no ц ("446) in font nullfont!
Missing character: There is no е ("435) in font nullfont!
! Undefined control sequence.
<write> ...erence `tab:ui_tests' on page \thepage 
                                                  \space undefined\on@line .^^J
l.85 В таблице \ref{tab:ui_tests}
                                  приведены результаты тестирования пользова...
The control sequence at the end of the top line
of your error message was never \def'ed. If you have
misspelled it (e.g., `\hobx'), type `I' and the correct
spelling (e.g., `I\hbox'). Otherwise just continue,
and I'll forget about whatever was undefined.


LaTeX Warning: Reference `tab:ui_tests' on page  undefined on input line 85.

Missing character: There is no п ("43F) in font nullfont!
Missing character: There is no р ("440) in font nullfont!
Missing character: There is no и ("438) in font nullfont!
Missing character: There is no в ("432) in font nullfont!
Missing character: There is no е ("435) in font nullfont!
Missing character: There is no д ("434) in font nullfont!
Missing character: There is no е ("435) in font nullfont!
Missing character: There is no н ("43D) in font nullfont!
Missing character: There is no ы ("44B) in font nullfont!
Missing character: There is no р ("440) in font nullfont!
Missing character: There is no е ("435) in font nullfont!
Missing character: There is no з ("437) in font nullfont!
Missing character: There is no у ("443) in font nullfont!
Missing character: There is no л ("43B) in font nullfont!
Missing character: There is no ь ("44C) in font nullfont!
Missing character: There is no т ("442) in font nullfont!
Missing character: There is no а ("430) in font nullfont!
Missing character: There is no т ("442) in font nullfont!
Missing character: There is no ы ("44B) in font nullfont!
Missing character: There is no т ("442) in font nullfont!
Missing character: There is no е ("435) in font nullfont!
Missing character: There is no с ("441) in font nullfont!
Missing character: There is no т ("442) in font nullfont!
Missing character: There is no и ("438) in font nullfont!
Missing character: There is no р ("440) in font nullfont!
Missing character: There is no о ("43E) in font nullfont!
Missing character: There is no в ("432) in font nullfont!
Missing character: There is no а ("430) in font nullfont!
Missing character: There is no н ("43D) in font nullfont!
Missing character: There is no и ("438) in font nullfont!
Missing character: There is no я ("44F) in font nullfont!
Missing character: There is no п ("43F) in font nullfont!
Missing character: There is no о ("43E) in font nullfont!
Missing character: There is no л ("43B) in font nullfont!
Missing character: There is no ь ("44C) in font nullfont!
Missing character: There is no з ("437) in font nullfont!
Missing character: There is no о ("43E) in font nullfont!
Missing character: There is no в ("432) in font nullfont!
Missing character: There is no а ("430) in font nullfont!
Missing character: There is no т ("442) in font nullfont!
Missing character: There is no е ("435) in font nullfont!
Missing character: There is no л ("43B) in font nullfont!
Missing character: There is no ь ("44C) in font nullfont!
Missing character: There is no с ("441) in font nullfont!
Missing character: There is no к ("43A) in font nullfont!
Missing character: There is no о ("43E) in font nullfont!
Missing character: There is no г ("433) in font nullfont!
Missing character: There is no о ("43E) in font nullfont!
Missing character: There is no и ("438) in font nullfont!
Missing character: There is no н ("43D) in font nullfont!
Missing character: There is no т ("442) in font nullfont!
Missing character: There is no е ("435) in font nullfont!
Missing character: There is no р ("440) in font nullfont!
Missing character: There is no ф ("444) in font nullfont!
Missing character: There is no е ("435) in font nullfont!
Missing character: There is no й ("439) in font nullfont!
Missing character: There is no с ("441) in font nullfont!
Missing character: There is no а ("430) in font nullfont!
Missing character: There is no . ("2E) in font nullfont!

Overfull \hbox (20.0pt too wide) in paragraph at lines 85--86
[]
 []


Overfull \hbox (10.86pt too wide) in paragraph at lines 85--86
[]
 []


! LaTeX Error: Environment table undefined.

See the LaTeX manual or LaTeX Companion for explanation.
Type  H <return>  for immediate help.
 ...                                              
                                                  
l.88 \begin{table}
                  [H]
Your command was ignored.
Type  I <command> <return>  to replace it with another command,
or  <return>  to continue without it.

Missing character: There is no [ ("5B) in font nullfont!
Missing character: There is no H ("48) in font nullfont!
Missing character: There is no ] ("5D) in font nullfont!

! LaTeX Error: \caption outside float.

See the LaTeX manual or LaTeX Companion for explanation.
Type  H <return>  for immediate help.
 ...                                              
                                                  
l.90 ^^I\caption
                {Результаты тестирования пользовательского интерфейса}
You're in trouble here.  Try typing  <return>  to proceed.
If that doesn't work, type  X <return>  to quit.

Missing character: There is no Р ("420) in font nullfont!
Missing character: There is no е ("435) in font nullfont!
Missing character: There is no з ("437) in font nullfont!
Missing character: There is no у ("443) in font nullfont!
Missing character: There is no л ("43B) in font nullfont!
Missing character: There is no ь ("44C) in font nullfont!
Missing character: There is no т ("442) in font nullfont!
Missing character: There is no а ("430) in font nullfont!
Missing character: There is no т ("442) in font nullfont!
Missing character: There is no ы ("44B) in font nullfont!
Missing character: There is no т ("442) in font nullfont!
Missing character: There is no е ("435) in font nullfont!
Missing character: There is no с ("441) in font nullfont!
Missing character: There is no т ("442) in font nullfont!
Missing character: There is no и ("438) in font nullfont!
Missing character: There is no р ("440) in font nullfont!
Missing character: There is no о ("43E) in font nullfont!
Missing character: There is no в ("432) in font nullfont!
Missing character: There is no а ("430) in font nullfont!
Missing character: There is no н ("43D) in font nullfont!
Missing character: There is no и ("438) in font nullfont!
Missing character: There is no я ("44F) in font nullfont!
Missing character: There is no п ("43F) in font nullfont!
Missing character: There is no о ("43E) in font nullfont!
Missing character: There is no л ("43B) in font nullfont!
Missing character: There is no ь ("44C) in font nullfont!
Missing character: There is no з ("437) in font nullfont!
Missing character: There is no о ("43E) in font nullfont!
Missing character: There is no в ("432) in font nullfont!
Missing character: There is no а ("430) in font nullfont!
Missing character: There is no т ("442) in font nullfont!
Missing character: There is no е ("435) in font nullfont!
Missing character: There is no л ("43B) in font nullfont!
Missing character: There is no ь ("44C) in font nullfont!
Missing character: There is no с ("441) in font nullfont!
Missing character: There is no к ("43A) in font nullfont!
Missing character: There is no о ("43E) in font nullfont!
Missing character: There is no г ("433) in font nullfont!
Missing character: There is no о ("43E) in font nullfont!
Missing character: There is no и ("438) in font nullfont!
Missing character: There is no н ("43D) in font nullfont!
Missing character: There is no т ("442) in font nullfont!
Missing character: There is no е ("435) in font nullfont!
Missing character: There is no р ("440) in font nullfont!
Missing character: There is no ф ("444) in font nullfont!
Missing character: There is no е ("435) in font nullfont!
Missing character: There is no й ("439) in font nullfont!
Missing character: There is no с ("441) in font nullfont!
Missing character: There is no а ("430) in font nullfont!

! LaTeX Error: The font size command \normalsize is not defined:
               there is probably something wrong with the class file.

See the LaTeX manual or LaTeX Companion for explanation.
Type  H <return>  for immediate help.
 ...                                              
                                                  
l.92 ^^I\normalsize
                   
Your command was ignored.
Type  I <command> <return>  to replace it with another command,
or  <return>  to continue without it.

LaTeX Font Info:    External font `cmex10' loaded for size
(Font)              <7> on input line 94.
LaTeX Font Info:    External font `cmex10' loaded for size
(Font)              <5> on input line 94.
Missing character: There is no П (U+041F) in font [lmroman10-bold]:mapping=tex-
text;!
Missing character: There is no р (U+0440) in font [lmroman10-bold]:mapping=tex-
text;!
Missing character: There is no о (U+043E) in font [lmroman10-bold]:mapping=tex-
text;!
Missing character: There is no в (U+0432) in font [lmroman10-bold]:mapping=tex-
text;!
Missing character: There is no е (U+0435) in font [lmroman10-bold]:mapping=tex-
text;!
Missing character: There is no р (U+0440) in font [lmroman10-bold]:mapping=tex-
text;!
Missing character: There is no я (U+044F) in font [lmroman10-bold]:mapping=tex-
text;!
Missing character: There is no е (U+0435) in font [lmroman10-bold]:mapping=tex-
text;!
Missing character: There is no м (U+043C) in font [lmroman10-bold]:mapping=tex-
text;!
Missing character: There is no ы (U+044B) in font [lmroman10-bold]:mapping=tex-
text;!
Missing character: There is no й (U+0439) in font [lmroman10-bold]:mapping=tex-
text;!
Missing character: There is no э (U+044D) in font [lmroman10-bold]:mapping=tex-
text;!
Missing character: There is no л (U+043B) in font [lmroman10-bold]:mapping=tex-
text;!
Missing character: There is no е (U+0435) in font [lmroman10-bold]:mapping=tex-
text;!
Missing character: There is no м (U+043C) in font [lmroman10-bold]:mapping=tex-
text;!
Missing character: There is no е (U+0435) in font [lmroman10-bold]:mapping=tex-
text;!
Missing character: There is no н (U+043D) in font [lmroman10-bold]:mapping=tex-
text;!
Missing character: There is no т (U+0442) in font [lmroman10-bold]:mapping=tex-
text;!
Missing character: There is no О (U+041E) in font [lmroman10-bold]:mapping=tex-
text;!
Missing character: There is no ж (U+0436) in font [lmroman10-bold]:mapping=tex-
text;!
Missing character: There is no и (U+0438) in font [lmroman10-bold]:mapping=tex-
text;!
Missing character: There is no д (U+0434) in font [lmroman10-bold]:mapping=tex-
text;!
Missing character: There is no а (U+0430) in font [lmroman10-bold]:mapping=tex-
text;!
Missing character: There is no е (U+0435) in font [lmroman10-bold]:mapping=tex-
text;!
Missing character: There is no м (U+043C) in font [lmroman10-bold]:mapping=tex-
text;!
Missing character: There is no ы (U+044B) in font [lmroman10-bold]:mapping=tex-
text;!
Missing character: There is no й (U+0439) in font [lmroman10-bold]:mapping=tex-
text;!
Missing character: There is no р (U+0440) in font [lmroman10-bold]:mapping=tex-
text;!
Missing character: There is no е (U+0435) in font [lmroman10-bold]:mapping=tex-
text;!
Missing character: There is no з (U+0437) in font [lmroman10-bold]:mapping=tex-
text;!
Missing character: There is no у (U+0443) in font [lmroman10-bold]:mapping=tex-
text;!
Missing character: There is no л (U+043B) in font [lmroman10-bold]:mapping=tex-
text;!
Missing character: There is no ь (U+044C) in font [lmroman10-bold]:mapping=tex-
text;!
Missing character: There is no т (U+0442) in font [lmroman10-bold]:mapping=tex-
text;!
Missing character: There is no а (U+0430) in font [lmroman10-bold]:mapping=tex-
text;!
Missing character: There is no т (U+0442) in font [lmroman10-bold]:mapping=tex-
text;!
Missing character: There is no Ф (U+0424) in font [lmroman10-bold]:mapping=tex-
text;!
Missing character: There is no а (U+0430) in font [lmroman10-bold]:mapping=tex-
text;!
Missing character: There is no к (U+043A) in font [lmroman10-bold]:mapping=tex-
text;!
Missing character: There is no т (U+0442) in font [lmroman10-bold]:mapping=tex-
text;!
Missing character: There is no и (U+0438) in font [lmroman10-bold]:mapping=tex-
text;!
Missing character: There is no ч (U+0447) in font [lmroman10-bold]:mapping=tex-
text;!
Missing character: There is no е (U+0435) in font [lmroman10-bold]:mapping=tex-
text;!
Missing character: There is no с (U+0441) in font [lmroman10-bold]:mapping=tex-
text;!
Missing character: There is no к (U+043A) in font [lmroman10-bold]:mapping=tex-
text;!
Missing character: There is no и (U+0438) in font [lmroman10-bold]:mapping=tex-
text;!
Missing character: There is no й (U+0439) in font [lmroman10-bold]:mapping=tex-
text;!
Missing character: There is no р (U+0440) in font [lmroman10-bold]:mapping=tex-
text;!
Missing character: There is no е (U+0435) in font [lmroman10-bold]:mapping=tex-
text;!
Missing character: There is no з (U+0437) in font [lmroman10-bold]:mapping=tex-
text;!
Missing character: There is no у (U+0443) in font [lmroman10-bold]:mapping=tex-
text;!
Missing character: There is no л (U+043B) in font [lmroman10-bold]:mapping=tex-
text;!
Missing character: There is no ь (U+044C) in font [lmroman10-bold]:mapping=tex-
text;!
Missing character: There is no т (U+0442) in font [lmroman10-bold]:mapping=tex-
text;!
Missing character: There is no а (U+0430) in font [lmroman10-bold]:mapping=tex-
text;!
Missing character: There is no т (U+0442) in font [lmroman10-bold]:mapping=tex-
text;!
Missing character: There is no С (U+0421) in font [lmroman10-bold]:mapping=tex-
text;!
Missing character: There is no т (U+0442) in font [lmroman10-bold]:mapping=tex-
text;!
Missing character: There is no а (U+0430) in font [lmroman10-bold]:mapping=tex-
text;!
Missing character: There is no т (U+0442) in font [lmroman10-bold]:mapping=tex-
text;!
Missing character: There is no у (U+0443) in font [lmroman10-bold]:mapping=tex-
text;!
Missing character: There is no с (U+0441) in font [lmroman10-bold]:mapping=tex-
text;!
Missing character: There is no B ("42) in font nullfont!
Missing character: There is no o ("6F) in font nullfont!
Missing character: There is no t ("74) in font nullfont!
Missing character: There is no t ("74) in font nullfont!
Missing character: There is no o ("6F) in font nullfont!
Missing character: There is no m ("6D) in font nullfont!
Missing character: There is no N ("4E) in font nullfont!
Missing character: There is no a ("61) in font nullfont!
Missing character: There is no v ("76) in font nullfont!
Missing character: There is no i ("69) in font nullfont!
Missing character: There is no g ("67) in font nullfont!
Missing character: There is no a ("61) in font nullfont!
Missing character: There is no t ("74) in font nullfont!
Missing character: There is no i ("69) in font nullfont!
Missing character: There is no o ("6F) in font nullfont!
Missing character: There is no n ("6E) in font nullfont!
Missing character: There is no V ("56) in font nullfont!
Missing character: There is no i ("69) in font nullfont!
Missing character: There is no e ("65) in font nullfont!
Missing character: There is no w ("77) in font nullfont!
Missing character: There is no П ("41F) in font nullfont!
Missing character: There is no е ("435) in font nullfont!
Missing character: There is no р ("440) in font nullfont!
Missing character: There is no е ("435) in font nullfont!
Missing character: There is no к ("43A) in font nullfont!
Missing character: There is no л ("43B) in font nullfont!
Missing character: There is no ю ("44E) in font nullfont!
Missing character: There is no ч ("447) in font nullfont!
Missing character: There is no е ("435) in font nullfont!
Missing character: There is no н ("43D) in font nullfont!
Missing character: There is no и ("438) in font nullfont!
Missing character: There is no е ("435) in font nullfont!
Missing character: There is no м ("43C) in font nullfont!
Missing character: There is no е ("435) in font nullfont!
Missing character: There is no ж ("436) in font nullfont!
Missing character: There is no д ("434) in font nullfont!
Missing character: There is no у ("443) in font nullfont!
Missing character: There is no 5 ("35) in font nullfont!
Missing character: There is no в ("432) in font nullfont!
Missing character: There is no к ("43A) in font nullfont!
Missing character: There is no л ("43B) in font nullfont!
Missing character: There is no а ("430) in font nullfont!
Missing character: There is no д ("434) in font nullfont!
Missing character: There is no к ("43A) in font nullfont!
Missing character: There is no а ("430) in font nullfont!
Missing character: There is no м ("43C) in font nullfont!
Missing character: There is no и ("438) in font nullfont!
Missing character: There is no С ("421) in font nullfont!
Missing character: There is no о ("43E) in font nullfont!
Missing character: There is no о ("43E) in font nullfont!
Missing character: There is no т ("442) in font nullfont!
Missing character: There is no в ("432) in font nullfont!
Missing character: There is no е ("435) in font nullfont!
Missing character: There is no т ("442) in font nullfont!
Missing character: There is no с ("441) in font nullfont!
Missing character: There is no т ("442) in font nullfont!
Missing character: There is no в ("432) in font nullfont!
Missing character: There is no у ("443) in font nullfont!
Missing character: There is no е ("435) in font nullfont!
Missing character: There is no т ("442) in font nullfont!
Missing character: There is no ✅ ("2705) in font nullfont!
Missing character: There is no К ("41A) in font nullfont!
Missing character: There is no а ("430) in font nullfont!
Missing character: There is no л ("43B) in font nullfont!
Missing character: There is no е ("435) in font nullfont!
Missing character: There is no н ("43D) in font nullfont!
Missing character: There is no д ("434) in font nullfont!
Missing character: There is no а ("430) in font nullfont!
Missing character: There is no р ("440) in font nullfont!
Missing character: There is no ь ("44C) in font nullfont!
Missing character: There is no В ("412) in font nullfont!
Missing character: There is no ы ("44B) in font nullfont!
Missing character: There is no б ("431) in font nullfont!
Missing character: There is no о ("43E) in font nullfont!
Missing character: There is no р ("440) in font nullfont!
Missing character: There is no д ("434) in font nullfont!
Missing character: There is no а ("430) in font nullfont!
Missing character: There is no т ("442) in font nullfont!
Missing character: There is no ы ("44B) in font nullfont!
Missing character: There is no , ("2C) in font nullfont!
Missing character: There is no п ("43F) in font nullfont!
Missing character: There is no о ("43E) in font nullfont!
Missing character: There is no д ("434) in font nullfont!
Missing character: There is no с ("441) in font nullfont!
Missing character: There is no в ("432) in font nullfont!
Missing character: There is no е ("435) in font nullfont!
Missing character: There is no т ("442) in font nullfont!
Missing character: There is no к ("43A) in font nullfont!
Missing character: There is no а ("430) in font nullfont!
Missing character: There is no в ("432) in font nullfont!
Missing character: There is no ы ("44B) in font nullfont!
Missing character: There is no б ("431) in font nullfont!
Missing character: There is no р ("440) in font nullfont!
Missing character: There is no а ("430) in font nullfont!
Missing character: There is no н ("43D) in font nullfont!
Missing character: There is no н ("43D) in font nullfont!
Missing character: There is no о ("43E) in font nullfont!
Missing character: There is no г ("433) in font nullfont!
Missing character: There is no о ("43E) in font nullfont!
Missing character: There is no д ("434) in font nullfont!
Missing character: There is no н ("43D) in font nullfont!
Missing character: There is no я ("44F) in font nullfont!
Missing character: There is no С ("421) in font nullfont!
Missing character: There is no о ("43E) in font nullfont!
Missing character: There is no о ("43E) in font nullfont!
Missing character: There is no т ("442) in font nullfont!
Missing character: There is no в ("432) in font nullfont!
Missing character: There is no е ("435) in font nullfont!
Missing character: There is no т ("442) in font nullfont!
Missing character: There is no с ("441) in font nullfont!
Missing character: There is no т ("442) in font nullfont!
Missing character: There is no в ("432) in font nullfont!
Missing character: There is no у ("443) in font nullfont!
Missing character: There is no е ("435) in font nullfont!
Missing character: There is no т ("442) in font nullfont!
Missing character: There is no ✅ ("2705) in font nullfont!
Missing character: There is no R ("52) in font nullfont!
Missing character: There is no e ("65) in font nullfont!
Missing character: There is no c ("63) in font nullfont!
Missing character: There is no y ("79) in font nullfont!
Missing character: There is no c ("63) in font nullfont!
Missing character: There is no l ("6C) in font nullfont!
Missing character: There is no e ("65) in font nullfont!
Missing character: There is no r ("72) in font nullfont!
Missing character: There is no V ("56) in font nullfont!
Missing character: There is no i ("69) in font nullfont!
Missing character: There is no e ("65) in font nullfont!
Missing character: There is no w ("77) in font nullfont!
Missing character: There is no ( ("28) in font nullfont!
Missing character: There is no с ("441) in font nullfont!
Missing character: There is no п ("43F) in font nullfont!
Missing character: There is no и ("438) in font nullfont!
Missing character: There is no с ("441) in font nullfont!
Missing character: There is no о ("43E) in font nullfont!
Missing character: There is no к ("43A) in font nullfont!
Missing character: There is no з ("437) in font nullfont!
Missing character: There is no а ("430) in font nullfont!
Missing character: There is no н ("43D) in font nullfont!
Missing character: There is no я ("44F) in font nullfont!
Missing character: There is no т ("442) in font nullfont!
Missing character: There is no и ("438) in font nullfont!
Missing character: There is no й ("439) in font nullfont!
Missing character: There is no ) ("29) in font nullfont!
Missing character: There is no П ("41F) in font nullfont!
Missing character: There is no л ("43B) in font nullfont!
Missing character: There is no а ("430) in font nullfont!
Missing character: There is no в ("432) in font nullfont!
Missing character: There is no н ("43D) in font nullfont!
Missing character: There is no а ("430) in font nullfont!
Missing character: There is no я ("44F) in font nullfont!
Missing character: There is no п ("43F) in font nullfont!
Missing character: There is no р ("440) in font nullfont!
Missing character: There is no о ("43E) in font nullfont!
Missing character: There is no к ("43A) in font nullfont!
Missing character: There is no р ("440) in font nullfont!
Missing character: There is no у ("443) in font nullfont!
Missing character: There is no т ("442) in font nullfont!
Missing character: There is no к ("43A) in font nullfont!
Missing character: There is no а ("430) in font nullfont!
Missing character: There is no , ("2C) in font nullfont!
Missing character: There is no з ("437) in font nullfont!
Missing character: There is no а ("430) in font nullfont!
Missing character: There is no г ("433) in font nullfont!
Missing character: There is no р ("440) in font nullfont!
Missing character: There is no у ("443) in font nullfont!
Missing character: There is no з ("437) in font nullfont!
Missing character: There is no к ("43A) in font nullfont!
Missing character: There is no а ("430) in font nullfont!
Missing character: There is no и ("438) in font nullfont!
Missing character: There is no з ("437) in font nullfont!
Missing character: There is no о ("43E) in font nullfont!
Missing character: There is no б ("431) in font nullfont!
Missing character: There is no р ("440) in font nullfont!
Missing character: There is no а ("430) in font nullfont!
Missing character: There is no ж ("436) in font nullfont!
Missing character: There is no е ("435) in font nullfont!
Missing character: There is no н ("43D) in font nullfont!
Missing character: There is no и ("438) in font nullfont!
Missing character: There is no й ("439) in font nullfont!
Missing character: There is no С ("421) in font nullfont!
Missing character: There is no о ("43E) in font nullfont!
Missing character: There is no о ("43E) in font nullfont!
Missing character: There is no т ("442) in font nullfont!
Missing character: There is no в ("432) in font nullfont!
Missing character: There is no е ("435) in font nullfont!
Missing character: There is no т ("442) in font nullfont!
Missing character: There is no с ("441) in font nullfont!
Missing character: There is no т ("442) in font nullfont!
Missing character: There is no в ("432) in font nullfont!
Missing character: There is no у ("443) in font nullfont!
Missing character: There is no е ("435) in font nullfont!
Missing character: There is no т ("442) in font nullfont!
Missing character: There is no ✅ ("2705) in font nullfont!
Missing character: There is no R ("52) in font nullfont!
Missing character: There is no a ("61) in font nullfont!
Missing character: There is no t ("74) in font nullfont!
Missing character: There is no i ("69) in font nullfont!
Missing character: There is no n ("6E) in font nullfont!
Missing character: There is no g ("67) in font nullfont!
Missing character: There is no B ("42) in font nullfont!
Missing character: There is no a ("61) in font nullfont!
Missing character: There is no r ("72) in font nullfont!
Missing character: There is no ( ("28) in font nullfont!
Missing character: There is no р ("440) in font nullfont!
Missing character: There is no е ("435) in font nullfont!
Missing character: There is no й ("439) in font nullfont!
Missing character: There is no т ("442) in font nullfont!
Missing character: There is no и ("438) in font nullfont!
Missing character: There is no н ("43D) in font nullfont!
Missing character: There is no г ("433) in font nullfont!
Missing character: There is no ) ("29) in font nullfont!
Missing character: There is no В ("412) in font nullfont!
Missing character: There is no ы ("44B) in font nullfont!
Missing character: There is no б ("431) in font nullfont!
Missing character: There is no о ("43E) in font nullfont!
Missing character: There is no р ("440) in font nullfont!
Missing character: There is no о ("43E) in font nullfont!
Missing character: There is no т ("442) in font nullfont!
Missing character: There is no 1 ("31) in font nullfont!
Missing character: There is no д ("434) in font nullfont!
Missing character: There is no о ("43E) in font nullfont!
Missing character: There is no 5 ("35) in font nullfont!
Missing character: There is no з ("437) in font nullfont!
Missing character: There is no в ("432) in font nullfont!
Missing character: There is no ё ("451) in font nullfont!
Missing character: There is no з ("437) in font nullfont!
Missing character: There is no д ("434) in font nullfont!
Missing character: There is no С ("421) in font nullfont!
Missing character: There is no о ("43E) in font nullfont!
Missing character: There is no о ("43E) in font nullfont!
Missing character: There is no т ("442) in font nullfont!
Missing character: There is no в ("432) in font nullfont!
Missing character: There is no е ("435) in font nullfont!
Missing character: There is no т ("442) in font nullfont!
Missing character: There is no с ("441) in font nullfont!
Missing character: There is no т ("442) in font nullfont!
Missing character: There is no в ("432) in font nullfont!
Missing character: There is no у ("443) in font nullfont!
Missing character: There is no е ("435) in font nullfont!
Missing character: There is no т ("442) in font nullfont!
Missing character: There is no ✅ ("2705) in font nullfont!
Missing character: There is no S ("53) in font nullfont!
Missing character: There is no p ("70) in font nullfont!
Missing character: There is no i ("69) in font nullfont!
Missing character: There is no n ("6E) in font nullfont!
Missing character: There is no n ("6E) in font nullfont!
Missing character: There is no e ("65) in font nullfont!
Missing character: There is no r ("72) in font nullfont!
Missing character: There is no ( ("28) in font nullfont!
Missing character: There is no в ("432) in font nullfont!
Missing character: There is no ы ("44B) in font nullfont!
Missing character: There is no б ("431) in font nullfont!
Missing character: There is no о ("43E) in font nullfont!
Missing character: There is no р ("440) in font nullfont!
Missing character: There is no г ("433) in font nullfont!
Missing character: There is no о ("43E) in font nullfont!
Missing character: There is no р ("440) in font nullfont!
Missing character: There is no о ("43E) in font nullfont!
Missing character: There is no д ("434) in font nullfont!
Missing character: There is no а ("430) in font nullfont!
Missing character: There is no ) ("29) in font nullfont!
Missing character: There is no Р ("420) in font nullfont!
Missing character: There is no а ("430) in font nullfont!
Missing character: There is no с ("441) in font nullfont!
Missing character: There is no к ("43A) in font nullfont!
Missing character: There is no р ("440) in font nullfont!
Missing character: There is no ы ("44B) in font nullfont!
Missing character: There is no в ("432) in font nullfont!
Missing character: There is no а ("430) in font nullfont!
Missing character: There is no ю ("44E) in font nullfont!
Missing character: There is no щ ("449) in font nullfont!
Missing character: There is no и ("438) in font nullfont!
Missing character: There is no й ("439) in font nullfont!
Missing character: There is no с ("441) in font nullfont!
Missing character: There is no я ("44F) in font nullfont!
Missing character: There is no с ("441) in font nullfont!
Missing character: There is no п ("43F) in font nullfont!
Missing character: There is no и ("438) in font nullfont!
Missing character: There is no с ("441) in font nullfont!
Missing character: There is no о ("43E) in font nullfont!
Missing character: There is no к ("43A) in font nullfont!
Missing character: There is no с ("441) in font nullfont!
Missing character: There is no 3 ("33) in font nullfont!
Missing character: There is no г ("433) in font nullfont!
Missing character: There is no о ("43E) in font nullfont!
Missing character: There is no р ("440) in font nullfont!
Missing character: There is no о ("43E) in font nullfont!
Missing character: There is no д ("434) in font nullfont!
Missing character: There is no а ("430) in font nullfont!
Missing character: There is no м ("43C) in font nullfont!
Missing character: There is no и ("438) in font nullfont!
Missing character: There is no С ("421) in font nullfont!
Missing character: There is no о ("43E) in font nullfont!
Missing character: There is no о ("43E) in font nullfont!
Missing character: There is no т ("442) in font nullfont!
Missing character: There is no в ("432) in font nullfont!
Missing character: There is no е ("435) in font nullfont!
Missing character: There is no т ("442) in font nullfont!
Missing character: There is no с ("441) in font nullfont!
Missing character: There is no т ("442) in font nullfont!
Missing character: There is no в ("432) in font nullfont!
Missing character: There is no у ("443) in font nullfont!
Missing character: There is no е ("435) in font nullfont!
Missing character: There is no т ("442) in font nullfont!
Missing character: There is no ✅ ("2705) in font nullfont!
Missing character: There is no Д ("414) in font nullfont!
Missing character: There is no и ("438) in font nullfont!
Missing character: There is no а ("430) in font nullfont!
Missing character: There is no л ("43B) in font nullfont!
Missing character: There is no о ("43E) in font nullfont!
Missing character: There is no г ("433) in font nullfont!
Missing character: There is no р ("440) in font nullfont!
Missing character: There is no е ("435) in font nullfont!
Missing character: There is no д ("434) in font nullfont!
Missing character: There is no а ("430) in font nullfont!
Missing character: There is no к ("43A) in font nullfont!
Missing character: There is no т ("442) in font nullfont!
Missing character: There is no и ("438) in font nullfont!
Missing character: There is no р ("440) in font nullfont!
Missing character: There is no о ("43E) in font nullfont!
Missing character: There is no в ("432) in font nullfont!
Missing character: There is no а ("430) in font nullfont!
Missing character: There is no н ("43D) in font nullfont!
Missing character: There is no и ("438) in font nullfont!
Missing character: There is no я ("44F) in font nullfont!
Missing character: There is no п ("43F) in font nullfont!
Missing character: There is no р ("440) in font nullfont!
Missing character: There is no о ("43E) in font nullfont!
Missing character: There is no ф ("444) in font nullfont!
Missing character: There is no и ("438) in font nullfont!
Missing character: There is no л ("43B) in font nullfont!
Missing character: There is no я ("44F) in font nullfont!
Missing character: There is no О ("41E) in font nullfont!
Missing character: There is no т ("442) in font nullfont!
Missing character: There is no к ("43A) in font nullfont!
Missing character: There is no р ("440) in font nullfont!
Missing character: There is no ы ("44B) in font nullfont!
Missing character: There is no т ("442) in font nullfont!
Missing character: There is no и ("438) in font nullfont!
Missing character: There is no е ("435) in font nullfont!
Missing character: There is no ф ("444) in font nullfont!
Missing character: There is no о ("43E) in font nullfont!
Missing character: There is no р ("440) in font nullfont!
Missing character: There is no м ("43C) in font nullfont!
Missing character: There is no ы ("44B) in font nullfont!
Missing character: There is no с ("441) in font nullfont!
Missing character: There is no т ("442) in font nullfont!
Missing character: There is no е ("435) in font nullfont!
Missing character: There is no к ("43A) in font nullfont!
Missing character: There is no у ("443) in font nullfont!
Missing character: There is no щ ("449) in font nullfont!
Missing character: There is no и ("438) in font nullfont!
Missing character: There is no м ("43C) in font nullfont!
Missing character: There is no и ("438) in font nullfont!
Missing character: There is no д ("434) in font nullfont!
Missing character: There is no а ("430) in font nullfont!
Missing character: There is no н ("43D) in font nullfont!
Missing character: There is no н ("43D) in font nullfont!
Missing character: There is no ы ("44B) in font nullfont!
Missing character: There is no м ("43C) in font nullfont!
Missing character: There is no и ("438) in font nullfont!
Missing character: There is no С ("421) in font nullfont!
Missing character: There is no о ("43E) in font nullfont!
Missing character: There is no о ("43E) in font nullfont!
Missing character: There is no т ("442) in font nullfont!
Missing character: There is no в ("432) in font nullfont!
Missing character: There is no е ("435) in font nullfont!
Missing character: There is no т ("442) in font nullfont!
Missing character: There is no с ("441) in font nullfont!
Missing character: There is no т ("442) in font nullfont!
Missing character: There is no в ("432) in font nullfont!
Missing character: There is no у ("443) in font nullfont!
Missing character: There is no е ("435) in font nullfont!
Missing character: There is no т ("442) in font nullfont!
Missing character: There is no ✅ ("2705) in font nullfont!
Missing character: There is no М ("41C) in font nullfont!
Missing character: There is no о ("43E) in font nullfont!
Missing character: There is no д ("434) in font nullfont!
Missing character: There is no а ("430) in font nullfont!
Missing character: There is no л ("43B) in font nullfont!
Missing character: There is no ь ("44C) in font nullfont!
Missing character: There is no н ("43D) in font nullfont!
Missing character: There is no о ("43E) in font nullfont!
Missing character: There is no е ("435) in font nullfont!
Missing character: There is no о ("43E) in font nullfont!
Missing character: There is no к ("43A) in font nullfont!
Missing character: There is no н ("43D) in font nullfont!
Missing character: There is no о ("43E) in font nullfont!
Missing character: There is no с ("441) in font nullfont!
Missing character: There is no ф ("444) in font nullfont!
Missing character: There is no о ("43E) in font nullfont!
Missing character: There is no т ("442) in font nullfont!
Missing character: There is no о ("43E) in font nullfont!
Missing character: There is no У ("423) in font nullfont!
Missing character: There is no в ("432) in font nullfont!
Missing character: There is no е ("435) in font nullfont!
Missing character: There is no л ("43B) in font nullfont!
Missing character: There is no и ("438) in font nullfont!
Missing character: There is no ч ("447) in font nullfont!
Missing character: There is no е ("435) in font nullfont!
Missing character: There is no н ("43D) in font nullfont!
Missing character: There is no н ("43D) in font nullfont!
Missing character: There is no о ("43E) in font nullfont!
Missing character: There is no е ("435) in font nullfont!
Missing character: There is no и ("438) in font nullfont!
Missing character: There is no з ("437) in font nullfont!
Missing character: There is no о ("43E) in font nullfont!
Missing character: There is no б ("431) in font nullfont!
Missing character: There is no р ("440) in font nullfont!
Missing character: There is no а ("430) in font nullfont!
Missing character: There is no ж ("436) in font nullfont!
Missing character: There is no е ("435) in font nullfont!
Missing character: There is no н ("43D) in font nullfont!
Missing character: There is no и ("438) in font nullfont!
Missing character: There is no е ("435) in font nullfont!
Missing character: There is no , ("2C) in font nullfont!
Missing character: There is no з ("437) in font nullfont!
Missing character: There is no а ("430) in font nullfont!
Missing character: There is no т ("442) in font nullfont!
Missing character: There is no е ("435) in font nullfont!
Missing character: There is no м ("43C) in font nullfont!
Missing character: There is no н ("43D) in font nullfont!
Missing character: There is no е ("435) in font nullfont!
Missing character: There is no н ("43D) in font nullfont!
Missing character: There is no и ("438) in font nullfont!
Missing character: There is no е ("435) in font nullfont!
Missing character: There is no ф ("444) in font nullfont!
Missing character: There is no о ("43E) in font nullfont!
Missing character: There is no н ("43D) in font nullfont!
Missing character: There is no а ("430) in font nullfont!
Missing character: There is no С ("421) in font nullfont!
Missing character: There is no о ("43E) in font nullfont!
Missing character: There is no о ("43E) in font nullfont!
Missing character: There is no т ("442) in font nullfont!
Missing character: There is no в ("432) in font nullfont!
Missing character: There is no е ("435) in font nullfont!
Missing character: There is no т ("442) in font nullfont!
Missing character: There is no с ("441) in font nullfont!
Missing character: There is no т ("442) in font nullfont!
Missing character: There is no в ("432) in font nullfont!
Missing character: There is no у ("443) in font nullfont!
Missing character: There is no е ("435) in font nullfont!
Missing character: There is no т ("442) in font nullfont!
Missing character: There is no ✅ ("2705) in font nullfont!

! LaTeX Error: \begin{document} ended by \end{table}.

See the LaTeX manual or LaTeX Companion for explanation.
Type  H <return>  for immediate help.
 ...                                              
                                                  
l.113 \end{table}
                 
Your command was ignored.
Type  I <command> <return>  to replace it with another command,
or  <return>  to continue without it.


Overfull \hbox (20.0pt too wide) in paragraph at lines 88--115
[]
 []


Overfull \hbox (417.8858pt too wide) in paragraph at lines 88--115
[]
 []

! Undefined control sequence.
l.116 \subsection
                 {Тестирование производительности}
The control sequence at the end of the top line
of your error message was never \def'ed. If you have
misspelled it (e.g., `\hobx'), type `I' and the correct
spelling (e.g., `I\hbox'). Otherwise just continue,
and I'll forget about whatever was undefined.

Missing character: There is no Т ("422) in font nullfont!
Missing character: There is no е ("435) in font nullfont!
Missing character: There is no с ("441) in font nullfont!
Missing character: There is no т ("442) in font nullfont!
Missing character: There is no и ("438) in font nullfont!
Missing character: There is no р ("440) in font nullfont!
Missing character: There is no о ("43E) in font nullfont!
Missing character: There is no в ("432) in font nullfont!
Missing character: There is no а ("430) in font nullfont!
Missing character: There is no н ("43D) in font nullfont!
Missing character: There is no и ("438) in font nullfont!
Missing character: There is no е ("435) in font nullfont!
Missing character: There is no п ("43F) in font nullfont!
Missing character: There is no р ("440) in font nullfont!
Missing character: There is no о ("43E) in font nullfont!
Missing character: There is no и ("438) in font nullfont!
Missing character: There is no з ("437) in font nullfont!
Missing character: There is no в ("432) in font nullfont!
Missing character: There is no о ("43E) in font nullfont!
Missing character: There is no д ("434) in font nullfont!
Missing character: There is no и ("438) in font nullfont!
Missing character: There is no т ("442) in font nullfont!
Missing character: There is no е ("435) in font nullfont!
Missing character: There is no л ("43B) in font nullfont!
Missing character: There is no ь ("44C) in font nullfont!
Missing character: There is no н ("43D) in font nullfont!
Missing character: There is no о ("43E) in font nullfont!
Missing character: There is no с ("441) in font nullfont!
Missing character: There is no т ("442) in font nullfont!
Missing character: There is no и ("438) in font nullfont!

Overfull \hbox (20.0pt too wide) in paragraph at lines 116--117
[]
 []

Missing character: There is no В ("412) in font nullfont!
Missing character: There is no т ("442) in font nullfont!
Missing character: There is no а ("430) in font nullfont!
Missing character: There is no б ("431) in font nullfont!
Missing character: There is no л ("43B) in font nullfont!
Missing character: There is no и ("438) in font nullfont!
Missing character: There is no ц ("446) in font nullfont!
Missing character: There is no е ("435) in font nullfont!
! Undefined control sequence.
<write> ...nce `tab:performance' on page \thepage 
                                                  \space undefined\on@line .^^J
l.118 В таблице \ref{tab:performance}
                                      приведены результаты тестирования прои...
The control sequence at the end of the top line
of your error message was never \def'ed. If you have
misspelled it (e.g., `\hobx'), type `I' and the correct
spelling (e.g., `I\hbox'). Otherwise just continue,
and I'll forget about whatever was undefined.


LaTeX Warning: Reference `tab:performance' on page  undefined on input line 118
.

Missing character: There is no п ("43F) in font nullfont!
Missing character: There is no р ("440) in font nullfont!
Missing character: There is no и ("438) in font nullfont!
Missing character: There is no в ("432) in font nullfont!
Missing character: There is no е ("435) in font nullfont!
Missing character: There is no д ("434) in font nullfont!
Missing character: There is no е ("435) in font nullfont!
Missing character: There is no н ("43D) in font nullfont!
Missing character: There is no ы ("44B) in font nullfont!
Missing character: There is no р ("440) in font nullfont!
Missing character: There is no е ("435) in font nullfont!
Missing character: There is no з ("437) in font nullfont!
Missing character: There is no у ("443) in font nullfont!
Missing character: There is no л ("43B) in font nullfont!
Missing character: There is no ь ("44C) in font nullfont!
Missing character: There is no т ("442) in font nullfont!
Missing character: There is no а ("430) in font nullfont!
Missing character: There is no т ("442) in font nullfont!
Missing character: There is no ы ("44B) in font nullfont!
Missing character: There is no т ("442) in font nullfont!
Missing character: There is no е ("435) in font nullfont!
Missing character: There is no с ("441) in font nullfont!
Missing character: There is no т ("442) in font nullfont!
Missing character: There is no и ("438) in font nullfont!
Missing character: There is no р ("440) in font nullfont!
Missing character: There is no о ("43E) in font nullfont!
Missing character: There is no в ("432) in font nullfont!
Missing character: There is no а ("430) in font nullfont!
Missing character: There is no н ("43D) in font nullfont!
Missing character: There is no и ("438) in font nullfont!
Missing character: There is no я ("44F) in font nullfont!
Missing character: There is no п ("43F) in font nullfont!
Missing character: There is no р ("440) in font nullfont!
Missing character: There is no о ("43E) in font nullfont!
Missing character: There is no и ("438) in font nullfont!
Missing character: There is no з ("437) in font nullfont!
Missing character: There is no в ("432) in font nullfont!
Missing character: There is no о ("43E) in font nullfont!
Missing character: There is no д ("434) in font nullfont!
Missing character: There is no и ("438) in font nullfont!
Missing character: There is no т ("442) in font nullfont!
Missing character: There is no е ("435) in font nullfont!
Missing character: There is no л ("43B) in font nullfont!
Missing character: There is no ь ("44C) in font nullfont!
Missing character: There is no н ("43D) in font nullfont!
Missing character: There is no о ("43E) in font nullfont!
Missing character: There is no с ("441) in font nullfont!
Missing character: There is no т ("442) in font nullfont!
Missing character: There is no и ("438) in font nullfont!
Missing character: There is no . ("2E) in font nullfont!

Overfull \hbox (20.0pt too wide) in paragraph at lines 118--119
[]
 []


Overfull \hbox (10.86pt too wide) in paragraph at lines 118--119
[]
 []


! LaTeX Error: Environment table undefined.

See the LaTeX manual or LaTeX Companion for explanation.
Type  H <return>  for immediate help.
 ...                                              
                                                  
l.121 \begin{table}
                   [H]
Your command was ignored.
Type  I <command> <return>  to replace it with another command,
or  <return>  to continue without it.

Missing character: There is no [ ("5B) in font nullfont!
Missing character: There is no H ("48) in font nullfont!
Missing character: There is no ] ("5D) in font nullfont!

! LaTeX Error: \caption outside float.

See the LaTeX manual or LaTeX Companion for explanation.
Type  H <return>  for immediate help.
 ...                                              
                                                  
l.123 ^^I\caption
                 {Результаты тестирования производительности}
You're in trouble here.  Try typing  <return>  to proceed.
If that doesn't work, type  X <return>  to quit.

Missing character: There is no Р ("420) in font nullfont!
Missing character: There is no е ("435) in font nullfont!
Missing character: There is no з ("437) in font nullfont!
Missing character: There is no у ("443) in font nullfont!
Missing character: There is no л ("43B) in font nullfont!
Missing character: There is no ь ("44C) in font nullfont!
Missing character: There is no т ("442) in font nullfont!
Missing character: There is no а ("430) in font nullfont!
Missing character: There is no т ("442) in font nullfont!
Missing character: There is no ы ("44B) in font nullfont!
Missing character: There is no т ("442) in font nullfont!
Missing character: There is no е ("435) in font nullfont!
Missing character: There is no с ("441) in font nullfont!
Missing character: There is no т ("442) in font nullfont!
Missing character: There is no и ("438) in font nullfont!
Missing character: There is no р ("440) in font nullfont!
Missing character: There is no о ("43E) in font nullfont!
Missing character: There is no в ("432) in font nullfont!
Missing character: There is no а ("430) in font nullfont!
Missing character: There is no н ("43D) in font nullfont!
Missing character: There is no и ("438) in font nullfont!
Missing character: There is no я ("44F) in font nullfont!
Missing character: There is no п ("43F) in font nullfont!
Missing character: There is no р ("440) in font nullfont!
Missing character: There is no о ("43E) in font nullfont!
Missing character: There is no и ("438) in font nullfont!
Missing character: There is no з ("437) in font nullfont!
Missing character: There is no в ("432) in font nullfont!
Missing character: There is no о ("43E) in font nullfont!
Missing character: There is no д ("434) in font nullfont!
Missing character: There is no и ("438) in font nullfont!
Missing character: There is no т ("442) in font nullfont!
Missing character: There is no е ("435) in font nullfont!
Missing character: There is no л ("43B) in font nullfont!
Missing character: There is no ь ("44C) in font nullfont!
Missing character: There is no н ("43D) in font nullfont!
Missing character: There is no о ("43E) in font nullfont!
Missing character: There is no с ("441) in font nullfont!
Missing character: There is no т ("442) in font nullfont!
Missing character: There is no и ("438) in font nullfont!

! LaTeX Error: The font size command \normalsize is not defined:
               there is probably something wrong with the class file.

See the LaTeX manual or LaTeX Companion for explanation.
Type  H <return>  for immediate help.
 ...                                              
                                                  
l.125 ^^I\normalsize
                    
Your command was ignored.
Type  I <command> <return>  to replace it with another command,
or  <return>  to continue without it.

Missing character: There is no С (U+0421) in font [lmroman10-bold]:mapping=tex-
text;!
Missing character: There is no ц (U+0446) in font [lmroman10-bold]:mapping=tex-
text;!
Missing character: There is no е (U+0435) in font [lmroman10-bold]:mapping=tex-
text;!
Missing character: There is no н (U+043D) in font [lmroman10-bold]:mapping=tex-
text;!
Missing character: There is no а (U+0430) in font [lmroman10-bold]:mapping=tex-
text;!
Missing character: There is no р (U+0440) in font [lmroman10-bold]:mapping=tex-
text;!
Missing character: There is no и (U+0438) in font [lmroman10-bold]:mapping=tex-
text;!
Missing character: There is no й (U+0439) in font [lmroman10-bold]:mapping=tex-
text;!
Missing character: There is no Т (U+0422) in font [lmroman10-bold]:mapping=tex-
text;!
Missing character: There is no р (U+0440) in font [lmroman10-bold]:mapping=tex-
text;!
Missing character: There is no е (U+0435) in font [lmroman10-bold]:mapping=tex-
text;!
Missing character: There is no б (U+0431) in font [lmroman10-bold]:mapping=tex-
text;!
Missing character: There is no о (U+043E) in font [lmroman10-bold]:mapping=tex-
text;!
Missing character: There is no в (U+0432) in font [lmroman10-bold]:mapping=tex-
text;!
Missing character: There is no а (U+0430) in font [lmroman10-bold]:mapping=tex-
text;!
Missing character: There is no н (U+043D) in font [lmroman10-bold]:mapping=tex-
text;!
Missing character: There is no и (U+0438) in font [lmroman10-bold]:mapping=tex-
text;!
Missing character: There is no е (U+0435) in font [lmroman10-bold]:mapping=tex-
text;!
Missing character: There is no Ф (U+0424) in font [lmroman10-bold]:mapping=tex-
text;!
Missing character: There is no а (U+0430) in font [lmroman10-bold]:mapping=tex-
text;!
Missing character: There is no к (U+043A) in font [lmroman10-bold]:mapping=tex-
text;!
Missing character: There is no т (U+0442) in font [lmroman10-bold]:mapping=tex-
text;!
Missing character: There is no и (U+0438) in font [lmroman10-bold]:mapping=tex-
text;!
Missing character: There is no ч (U+0447) in font [lmroman10-bold]:mapping=tex-
text;!
Missing character: There is no е (U+0435) in font [lmroman10-bold]:mapping=tex-
text;!
Missing character: There is no с (U+0441) in font [lmroman10-bold]:mapping=tex-
text;!
Missing character: There is no к (U+043A) in font [lmroman10-bold]:mapping=tex-
text;!
Missing character: There is no о (U+043E) in font [lmroman10-bold]:mapping=tex-
text;!
Missing character: There is no е (U+0435) in font [lmroman10-bold]:mapping=tex-
text;!
Missing character: There is no з (U+0437) in font [lmroman10-bold]:mapping=tex-
text;!
Missing character: There is no н (U+043D) in font [lmroman10-bold]:mapping=tex-
text;!
Missing character: There is no а (U+0430) in font [lmroman10-bold]:mapping=tex-
text;!
Missing character: There is no ч (U+0447) in font [lmroman10-bold]:mapping=tex-
text;!
Missing character: There is no е (U+0435) in font [lmroman10-bold]:mapping=tex-
text;!
Missing character: There is no н (U+043D) in font [lmroman10-bold]:mapping=tex-
text;!
Missing character: There is no и (U+0438) in font [lmroman10-bold]:mapping=tex-
text;!
Missing character: There is no е (U+0435) in font [lmroman10-bold]:mapping=tex-
text;!
Missing character: There is no С (U+0421) in font [lmroman10-bold]:mapping=tex-
text;!
Missing character: There is no т (U+0442) in font [lmroman10-bold]:mapping=tex-
text;!
Missing character: There is no а (U+0430) in font [lmroman10-bold]:mapping=tex-
text;!
Missing character: There is no т (U+0442) in font [lmroman10-bold]:mapping=tex-
text;!
Missing character: There is no у (U+0443) in font [lmroman10-bold]:mapping=tex-
text;!
Missing character: There is no с (U+0441) in font [lmroman10-bold]:mapping=tex-
text;!
Missing character: There is no В ("412) in font nullfont!
Missing character: There is no р ("440) in font nullfont!
Missing character: There is no е ("435) in font nullfont!
Missing character: There is no м ("43C) in font nullfont!
Missing character: There is no я ("44F) in font nullfont!
Missing character: There is no з ("437) in font nullfont!
Missing character: There is no а ("430) in font nullfont!
Missing character: There is no п ("43F) in font nullfont!
Missing character: There is no у ("443) in font nullfont!
Missing character: There is no с ("441) in font nullfont!
Missing character: There is no к ("43A) in font nullfont!
Missing character: There is no а ("430) in font nullfont!
Missing character: There is no п ("43F) in font nullfont!
Missing character: There is no р ("440) in font nullfont!
Missing character: There is no и ("438) in font nullfont!
Missing character: There is no л ("43B) in font nullfont!
Missing character: There is no о ("43E) in font nullfont!
Missing character: There is no ж ("436) in font nullfont!
Missing character: There is no е ("435) in font nullfont!
Missing character: There is no н ("43D) in font nullfont!
Missing character: There is no и ("438) in font nullfont!
Missing character: There is no я ("44F) in font nullfont!
Missing character: There is no < ("3C) in font nullfont!
Missing character: There is no 3 ("33) in font nullfont!
Missing character: There is no с ("441) in font nullfont!
Missing character: There is no е ("435) in font nullfont!
Missing character: There is no к ("43A) in font nullfont!
Missing character: There is no у ("443) in font nullfont!
Missing character: There is no н ("43D) in font nullfont!
Missing character: There is no д ("434) in font nullfont!
Missing character: There is no 1 ("31) in font nullfont!
Missing character: There is no , ("2C) in font nullfont!
Missing character: There is no 8 ("38) in font nullfont!
Missing character: There is no с ("441) in font nullfont!
Missing character: There is no е ("435) in font nullfont!
Missing character: There is no к ("43A) in font nullfont!
Missing character: There is no ✅ ("2705) in font nullfont!
Missing character: There is no В ("412) in font nullfont!
Missing character: There is no р ("440) in font nullfont!
Missing character: There is no е ("435) in font nullfont!
Missing character: There is no м ("43C) in font nullfont!
Missing character: There is no я ("44F) in font nullfont!
Missing character: There is no з ("437) in font nullfont!
Missing character: There is no а ("430) in font nullfont!
Missing character: There is no г ("433) in font nullfont!
Missing character: There is no р ("440) in font nullfont!
Missing character: There is no у ("443) in font nullfont!
Missing character: There is no з ("437) in font nullfont!
Missing character: There is no к ("43A) in font nullfont!
Missing character: There is no и ("438) in font nullfont!
Missing character: There is no с ("441) in font nullfont!
Missing character: There is no п ("43F) in font nullfont!
Missing character: There is no и ("438) in font nullfont!
Missing character: There is no с ("441) in font nullfont!
Missing character: There is no к ("43A) in font nullfont!
Missing character: There is no а ("430) in font nullfont!
Missing character: There is no з ("437) in font nullfont!
Missing character: There is no а ("430) in font nullfont!
Missing character: There is no н ("43D) in font nullfont!
Missing character: There is no я ("44F) in font nullfont!
Missing character: There is no т ("442) in font nullfont!
Missing character: There is no и ("438) in font nullfont!
Missing character: There is no й ("439) in font nullfont!
Missing character: There is no < ("3C) in font nullfont!
Missing character: There is no 1 ("31) in font nullfont!
Missing character: There is no с ("441) in font nullfont!
Missing character: There is no е ("435) in font nullfont!
Missing character: There is no к ("43A) in font nullfont!
Missing character: There is no у ("443) in font nullfont!
Missing character: There is no н ("43D) in font nullfont!
Missing character: There is no д ("434) in font nullfont!
Missing character: There is no ы ("44B) in font nullfont!
Missing character: There is no 0 ("30) in font nullfont!
Missing character: There is no , ("2C) in font nullfont!
Missing character: There is no 3 ("33) in font nullfont!
Missing character: There is no с ("441) in font nullfont!
Missing character: There is no е ("435) in font nullfont!
Missing character: There is no к ("43A) in font nullfont!
Missing character: There is no ✅ ("2705) in font nullfont!
Missing character: There is no В ("412) in font nullfont!
Missing character: There is no р ("440) in font nullfont!
Missing character: There is no е ("435) in font nullfont!
Missing character: There is no м ("43C) in font nullfont!
Missing character: There is no я ("44F) in font nullfont!
Missing character: There is no о ("43E) in font nullfont!
Missing character: There is no т ("442) in font nullfont!
Missing character: There is no к ("43A) in font nullfont!
Missing character: There is no л ("43B) in font nullfont!
Missing character: There is no и ("438) in font nullfont!
Missing character: There is no к ("43A) in font nullfont!
Missing character: There is no а ("430) in font nullfont!
Missing character: There is no н ("43D) in font nullfont!
Missing character: There is no а ("430) in font nullfont!
Missing character: There is no н ("43D) in font nullfont!
Missing character: There is no а ("430) in font nullfont!
Missing character: There is no ж ("436) in font nullfont!
Missing character: There is no а ("430) in font nullfont!
Missing character: There is no т ("442) in font nullfont!
Missing character: There is no и ("438) in font nullfont!
Missing character: There is no е ("435) in font nullfont!
Missing character: There is no к ("43A) in font nullfont!
Missing character: There is no н ("43D) in font nullfont!
Missing character: There is no о ("43E) in font nullfont!
Missing character: There is no п ("43F) in font nullfont!
Missing character: There is no к ("43A) in font nullfont!
Missing character: There is no и ("438) in font nullfont!
Missing character: There is no < ("3C) in font nullfont!
Missing character: There is no 0 ("30) in font nullfont!
Missing character: There is no , ("2C) in font nullfont!
Missing character: There is no 5 ("35) in font nullfont!
Missing character: There is no с ("441) in font nullfont!
Missing character: There is no е ("435) in font nullfont!
Missing character: There is no к ("43A) in font nullfont!
Missing character: There is no у ("443) in font nullfont!
Missing character: There is no н ("43D) in font nullfont!
Missing character: There is no д ("434) in font nullfont!
Missing character: There is no ы ("44B) in font nullfont!
Missing character: There is no 0 ("30) in font nullfont!
Missing character: There is no , ("2C) in font nullfont!
Missing character: There is no 1 ("31) in font nullfont!
Missing character: There is no с ("441) in font nullfont!
Missing character: There is no е ("435) in font nullfont!
Missing character: There is no к ("43A) in font nullfont!
Missing character: There is no ✅ ("2705) in font nullfont!
Missing character: There is no П ("41F) in font nullfont!
Missing character: There is no о ("43E) in font nullfont!
Missing character: There is no т ("442) in font nullfont!
Missing character: There is no р ("440) in font nullfont!
Missing character: There is no е ("435) in font nullfont!
Missing character: There is no б ("431) in font nullfont!
Missing character: There is no л ("43B) in font nullfont!
Missing character: There is no е ("435) in font nullfont!
Missing character: There is no н ("43D) in font nullfont!
Missing character: There is no и ("438) in font nullfont!
Missing character: There is no е ("435) in font nullfont!
Missing character: There is no О ("41E) in font nullfont!
Missing character: There is no З ("417) in font nullfont!
Missing character: There is no У ("423) in font nullfont!
Missing character: There is no ( ("28) in font nullfont!
Missing character: There is no в ("432) in font nullfont!
Missing character: There is no ф ("444) in font nullfont!
Missing character: There is no о ("43E) in font nullfont!
Missing character: There is no н ("43D) in font nullfont!
Missing character: There is no е ("435) in font nullfont!
Missing character: There is no ) ("29) in font nullfont!
Missing character: There is no < ("3C) in font nullfont!
Missing character: There is no 1 ("31) in font nullfont!
Missing character: There is no 0 ("30) in font nullfont!
Missing character: There is no 0 ("30) in font nullfont!
Missing character: There is no М ("41C) in font nullfont!
Missing character: There is no Б ("411) in font nullfont!
Missing character: There is no 4 ("34) in font nullfont!
Missing character: There is no 2 ("32) in font nullfont!
Missing character: There is no М ("41C) in font nullfont!
Missing character: There is no Б ("411) in font nullfont!
Missing character: There is no ✅ ("2705) in font nullfont!
Missing character: There is no П ("41F) in font nullfont!
Missing character: There is no о ("43E) in font nullfont!
Missing character: There is no т ("442) in font nullfont!
Missing character: There is no р ("440) in font nullfont!
Missing character: There is no е ("435) in font nullfont!
Missing character: There is no б ("431) in font nullfont!
Missing character: There is no л ("43B) in font nullfont!
Missing character: There is no е ("435) in font nullfont!
Missing character: There is no н ("43D) in font nullfont!
Missing character: There is no и ("438) in font nullfont!
Missing character: There is no е ("435) in font nullfont!
Missing character: There is no О ("41E) in font nullfont!
Missing character: There is no З ("417) in font nullfont!
Missing character: There is no У ("423) in font nullfont!
Missing character: There is no ( ("28) in font nullfont!
Missing character: There is no а ("430) in font nullfont!
Missing character: There is no к ("43A) in font nullfont!
Missing character: There is no т ("442) in font nullfont!
Missing character: There is no и ("438) in font nullfont!
Missing character: There is no в ("432) in font nullfont!
Missing character: There is no н ("43D) in font nullfont!
Missing character: There is no о ("43E) in font nullfont!
Missing character: There is no е ("435) in font nullfont!
Missing character: There is no и ("438) in font nullfont!
Missing character: There is no с ("441) in font nullfont!
Missing character: There is no п ("43F) in font nullfont!
Missing character: There is no о ("43E) in font nullfont!
Missing character: There is no л ("43B) in font nullfont!
Missing character: There is no ь ("44C) in font nullfont!
Missing character: There is no з ("437) in font nullfont!
Missing character: There is no о ("43E) in font nullfont!
Missing character: There is no в ("432) in font nullfont!
Missing character: There is no а ("430) in font nullfont!
Missing character: There is no н ("43D) in font nullfont!
Missing character: There is no и ("438) in font nullfont!
Missing character: There is no е ("435) in font nullfont!
Missing character: There is no ) ("29) in font nullfont!
Missing character: There is no < ("3C) in font nullfont!
Missing character: There is no 2 ("32) in font nullfont!
Missing character: There is no 0 ("30) in font nullfont!
Missing character: There is no 0 ("30) in font nullfont!
Missing character: There is no М ("41C) in font nullfont!
Missing character: There is no Б ("411) in font nullfont!
Missing character: There is no 7 ("37) in font nullfont!
Missing character: There is no 8 ("38) in font nullfont!
Missing character: There is no М ("41C) in font nullfont!
Missing character: There is no Б ("411) in font nullfont!
Missing character: There is no ✅ ("2705) in font nullfont!
Missing character: There is no Р ("420) in font nullfont!
Missing character: There is no а ("430) in font nullfont!
Missing character: There is no з ("437) in font nullfont!
Missing character: There is no м ("43C) in font nullfont!
Missing character: There is no е ("435) in font nullfont!
Missing character: There is no р ("440) in font nullfont!
Missing character: There is no A ("41) in font nullfont!
Missing character: There is no P ("50) in font nullfont!
Missing character: There is no K ("4B) in font nullfont!
Missing character: There is no - ("2D) in font nullfont!
Missing character: There is no ф ("444) in font nullfont!
Missing character: There is no а ("430) in font nullfont!
Missing character: There is no й ("439) in font nullfont!
Missing character: There is no л ("43B) in font nullfont!
Missing character: There is no а ("430) in font nullfont!
Missing character: There is no < ("3C) in font nullfont!
Missing character: There is no 5 ("35) in font nullfont!
Missing character: There is no 0 ("30) in font nullfont!
Missing character: There is no М ("41C) in font nullfont!
Missing character: There is no Б ("411) in font nullfont!
Missing character: There is no 8 ("38) in font nullfont!
Missing character: There is no , ("2C) in font nullfont!
Missing character: There is no 2 ("32) in font nullfont!
Missing character: There is no М ("41C) in font nullfont!
Missing character: There is no Б ("411) in font nullfont!
Missing character: There is no ✅ ("2705) in font nullfont!
Missing character: There is no П ("41F) in font nullfont!
Missing character: There is no л ("43B) in font nullfont!
Missing character: There is no а ("430) in font nullfont!
Missing character: There is no в ("432) in font nullfont!
Missing character: There is no н ("43D) in font nullfont!
Missing character: There is no о ("43E) in font nullfont!
Missing character: There is no с ("441) in font nullfont!
Missing character: There is no т ("442) in font nullfont!
Missing character: There is no ь ("44C) in font nullfont!
Missing character: There is no п ("43F) in font nullfont!
Missing character: There is no р ("440) in font nullfont!
Missing character: There is no о ("43E) in font nullfont!
Missing character: There is no к ("43A) in font nullfont!
Missing character: There is no р ("440) in font nullfont!
Missing character: There is no у ("443) in font nullfont!
Missing character: There is no т ("442) in font nullfont!
Missing character: There is no к ("43A) in font nullfont!
Missing character: There is no и ("438) in font nullfont!
Missing character: There is no R ("52) in font nullfont!
Missing character: There is no e ("65) in font nullfont!
Missing character: There is no c ("63) in font nullfont!
Missing character: There is no y ("79) in font nullfont!
Missing character: There is no c ("63) in font nullfont!
Missing character: There is no l ("6C) in font nullfont!
Missing character: There is no e ("65) in font nullfont!
Missing character: There is no r ("72) in font nullfont!
Missing character: There is no V ("56) in font nullfont!
Missing character: There is no i ("69) in font nullfont!
Missing character: There is no e ("65) in font nullfont!
Missing character: There is no w ("77) in font nullfont!
Missing character: There is no 6 ("36) in font nullfont!
Missing character: There is no 0 ("30) in font nullfont!
Missing character: There is no F ("46) in font nullfont!
Missing character: There is no P ("50) in font nullfont!
Missing character: There is no S ("53) in font nullfont!
Missing character: There is no 6 ("36) in font nullfont!
Missing character: There is no 0 ("30) in font nullfont!
Missing character: There is no F ("46) in font nullfont!
Missing character: There is no P ("50) in font nullfont!
Missing character: There is no S ("53) in font nullfont!
Missing character: There is no ✅ ("2705) in font nullfont!

! LaTeX Error: \begin{document} ended by \end{table}.

See the LaTeX manual or LaTeX Companion for explanation.
Type  H <return>  for immediate help.
 ...                                              
                                                  
l.146 \end{table}
                 
Your command was ignored.
Type  I <command> <return>  to replace it with another command,
or  <return>  to continue without it.


Overfull \hbox (20.0pt too wide) in paragraph at lines 121--148
[]
 []


Overfull \hbox (432.11218pt too wide) in paragraph at lines 121--148
[]
 []

! Undefined control sequence.
l.149 \subsection
                 {Тестирование в условиях ограниченных ресурсов}
The control sequence at the end of the top line
of your error message was never \def'ed. If you have
misspelled it (e.g., `\hobx'), type `I' and the correct
spelling (e.g., `I\hbox'). Otherwise just continue,
and I'll forget about whatever was undefined.

Missing character: There is no Т ("422) in font nullfont!
Missing character: There is no е ("435) in font nullfont!
Missing character: There is no с ("441) in font nullfont!
Missing character: There is no т ("442) in font nullfont!
Missing character: There is no и ("438) in font nullfont!
Missing character: There is no р ("440) in font nullfont!
Missing character: There is no о ("43E) in font nullfont!
Missing character: There is no в ("432) in font nullfont!
Missing character: There is no а ("430) in font nullfont!
Missing character: There is no н ("43D) in font nullfont!
Missing character: There is no и ("438) in font nullfont!
Missing character: There is no е ("435) in font nullfont!
Missing character: There is no в ("432) in font nullfont!
Missing character: There is no у ("443) in font nullfont!
Missing character: There is no с ("441) in font nullfont!
Missing character: There is no л ("43B) in font nullfont!
Missing character: There is no о ("43E) in font nullfont!
Missing character: There is no в ("432) in font nullfont!
Missing character: There is no и ("438) in font nullfont!
Missing character: There is no я ("44F) in font nullfont!
Missing character: There is no х ("445) in font nullfont!
Missing character: There is no о ("43E) in font nullfont!
Missing character: There is no г ("433) in font nullfont!
Missing character: There is no р ("440) in font nullfont!
Missing character: There is no а ("430) in font nullfont!
Missing character: There is no н ("43D) in font nullfont!
Missing character: There is no и ("438) in font nullfont!
Missing character: There is no ч ("447) in font nullfont!
Missing character: There is no е ("435) in font nullfont!
Missing character: There is no н ("43D) in font nullfont!
Missing character: There is no н ("43D) in font nullfont!
Missing character: There is no ы ("44B) in font nullfont!
Missing character: There is no х ("445) in font nullfont!
Missing character: There is no р ("440) in font nullfont!
Missing character: There is no е ("435) in font nullfont!
Missing character: There is no с ("441) in font nullfont!
Missing character: There is no у ("443) in font nullfont!
Missing character: There is no р ("440) in font nullfont!
Missing character: There is no с ("441) in font nullfont!
Missing character: There is no о ("43E) in font nullfont!
Missing character: There is no в ("432) in font nullfont!

Overfull \hbox (20.0pt too wide) in paragraph at lines 149--150
[]
 []

Missing character: There is no П ("41F) in font nullfont!
Missing character: There is no р ("440) in font nullfont!
Missing character: There is no и ("438) in font nullfont!
Missing character: There is no л ("43B) in font nullfont!
Missing character: There is no о ("43E) in font nullfont!
Missing character: There is no ж ("436) in font nullfont!
Missing character: There is no е ("435) in font nullfont!
Missing character: There is no н ("43D) in font nullfont!
Missing character: There is no и ("438) in font nullfont!
Missing character: There is no е ("435) in font nullfont!
Missing character: There is no б ("431) in font nullfont!
Missing character: There is no ы ("44B) in font nullfont!
Missing character: There is no л ("43B) in font nullfont!
Missing character: There is no о ("43E) in font nullfont!
Missing character: There is no п ("43F) in font nullfont!
Missing character: There is no р ("440) in font nullfont!
Missing character: There is no о ("43E) in font nullfont!
Missing character: There is no т ("442) in font nullfont!
Missing character: There is no е ("435) in font nullfont!
Missing character: There is no с ("441) in font nullfont!
Missing character: There is no т ("442) in font nullfont!
Missing character: There is no и ("438) in font nullfont!
Missing character: There is no р ("440) in font nullfont!
Missing character: There is no о ("43E) in font nullfont!
Missing character: There is no в ("432) in font nullfont!
Missing character: There is no а ("430) in font nullfont!
Missing character: There is no н ("43D) in font nullfont!
Missing character: There is no о ("43E) in font nullfont!
Missing character: There is no в ("432) in font nullfont!
Missing character: There is no с ("441) in font nullfont!
Missing character: There is no л ("43B) in font nullfont!
Missing character: There is no е ("435) in font nullfont!
Missing character: There is no д ("434) in font nullfont!
Missing character: There is no у ("443) in font nullfont!
Missing character: There is no ю ("44E) in font nullfont!
Missing character: There is no щ ("449) in font nullfont!
Missing character: There is no и ("438) in font nullfont!
Missing character: There is no х ("445) in font nullfont!
Missing character: There is no у ("443) in font nullfont!
Missing character: There is no с ("441) in font nullfont!
Missing character: There is no л ("43B) in font nullfont!
Missing character: There is no о ("43E) in font nullfont!
Missing character: There is no в ("432) in font nullfont!
Missing character: There is no и ("438) in font nullfont!
Missing character: There is no я ("44F) in font nullfont!
Missing character: There is no х ("445) in font nullfont!
Missing character: There is no : ("3A) in font nullfont!

Overfull \hbox (20.0pt too wide) in paragraph at lines 151--152
[]
 []

Missing character: There is no о ("43E) in font nullfont!
Missing character: There is no т ("442) in font nullfont!
Missing character: There is no с ("441) in font nullfont!
Missing character: There is no у ("443) in font nullfont!
Missing character: There is no т ("442) in font nullfont!
Missing character: There is no с ("441) in font nullfont!
Missing character: There is no т ("442) in font nullfont!
Missing character: There is no в ("432) in font nullfont!
Missing character: There is no и ("438) in font nullfont!
Missing character: There is no е ("435) in font nullfont!
Missing character: There is no с ("441) in font nullfont!
Missing character: There is no в ("432) in font nullfont!
Missing character: There is no о ("43E) in font nullfont!
Missing character: There is no б ("431) in font nullfont!
Missing character: There is no о ("43E) in font nullfont!
Missing character: There is no д ("434) in font nullfont!
Missing character: There is no н ("43D) in font nullfont!
Missing character: There is no о ("43E) in font nullfont!
Missing character: There is no г ("433) in font nullfont!
Missing character: There is no о ("43E) in font nullfont!
Missing character: There is no м ("43C) in font nullfont!
Missing character: There is no е ("435) in font nullfont!
Missing character: There is no с ("441) in font nullfont!
Missing character: There is no т ("442) in font nullfont!
Missing character: There is no а ("430) in font nullfont!
Missing character: There is no н ("43D) in font nullfont!
Missing character: There is no а ("430) in font nullfont!
Missing character: There is no у ("443) in font nullfont!
Missing character: There is no с ("441) in font nullfont!
Missing character: There is no т ("442) in font nullfont!
Missing character: There is no р ("440) in font nullfont!
Missing character: There is no о ("43E) in font nullfont!
Missing character: There is no й ("439) in font nullfont!
Missing character: There is no с ("441) in font nullfont!
Missing character: There is no т ("442) in font nullfont!
Missing character: There is no в ("432) in font nullfont!
Missing character: There is no е ("435) in font nullfont!
Missing character: There is no — ("2014) in font nullfont!
Missing character: There is no п ("43F) in font nullfont!
Missing character: There is no р ("440) in font nullfont!
Missing character: There is no и ("438) in font nullfont!
Missing character: There is no л ("43B) in font nullfont!
Missing character: There is no о ("43E) in font nullfont!
Missing character: There is no ж ("436) in font nullfont!
Missing character: There is no е ("435) in font nullfont!
Missing character: There is no н ("43D) in font nullfont!
Missing character: There is no и ("438) in font nullfont!
Missing character: There is no е ("435) in font nullfont!
Missing character: There is no к ("43A) in font nullfont!
Missing character: There is no о ("43E) in font nullfont!
Missing character: There is no р ("440) in font nullfont!
Missing character: There is no р ("440) in font nullfont!
Missing character: There is no е ("435) in font nullfont!
Missing character: There is no к ("43A) in font nullfont!
Missing character: There is no т ("442) in font nullfont!
Missing character: There is no н ("43D) in font nullfont!
Missing character: There is no о ("43E) in font nullfont!
Missing character: There is no о ("43E) in font nullfont!
Missing character: There is no т ("442) in font nullfont!
Missing character: There is no о ("43E) in font nullfont!
Missing character: There is no б ("431) in font nullfont!
Missing character: There is no р ("440) in font nullfont!
Missing character: There is no а ("430) in font nullfont!
Missing character: There is no ж ("436) in font nullfont!
Missing character: There is no а ("430) in font nullfont!
Missing character: There is no е ("435) in font nullfont!
Missing character: There is no т ("442) in font nullfont!
Missing character: There is no с ("441) in font nullfont!
Missing character: There is no о ("43E) in font nullfont!
Missing character: There is no о ("43E) in font nullfont!
Missing character: There is no б ("431) in font nullfont!
Missing character: There is no щ ("449) in font nullfont!
Missing character: There is no е ("435) in font nullfont!
Missing character: There is no н ("43D) in font nullfont!
Missing character: There is no и ("438) in font nullfont!
Missing character: There is no е ("435) in font nullfont!
Missing character: There is no о ("43E) in font nullfont!
Missing character: There is no б ("431) in font nullfont!
Missing character: There is no о ("43E) in font nullfont!
Missing character: There is no ш ("448) in font nullfont!
Missing character: There is no и ("438) in font nullfont!
Missing character: There is no б ("431) in font nullfont!
Missing character: There is no к ("43A) in font nullfont!
Missing character: There is no е ("435) in font nullfont!
Missing character: There is no ; ("3B) in font nullfont!
Missing character: There is no п ("43F) in font nullfont!
Missing character: There is no р ("440) in font nullfont!
Missing character: There is no е ("435) in font nullfont!
Missing character: There is no р ("440) in font nullfont!
Missing character: There is no ы ("44B) in font nullfont!
Missing character: There is no в ("432) in font nullfont!
Missing character: There is no а ("430) in font nullfont!
Missing character: There is no н ("43D) in font nullfont!
Missing character: There is no и ("438) in font nullfont!
Missing character: There is no е ("435) in font nullfont!
Missing character: There is no р ("440) in font nullfont!
Missing character: There is no а ("430) in font nullfont!
Missing character: There is no б ("431) in font nullfont!
Missing character: There is no о ("43E) in font nullfont!
Missing character: There is no т ("442) in font nullfont!
Missing character: There is no ы ("44B) in font nullfont!
Missing character: There is no п ("43F) in font nullfont!
Missing character: There is no р ("440) in font nullfont!
Missing character: There is no и ("438) in font nullfont!
Missing character: There is no л ("43B) in font nullfont!
Missing character: There is no о ("43E) in font nullfont!
Missing character: There is no ж ("436) in font nullfont!
Missing character: There is no е ("435) in font nullfont!
Missing character: There is no н ("43D) in font nullfont!
Missing character: There is no и ("438) in font nullfont!
Missing character: There is no я ("44F) in font nullfont!
Missing character: There is no ( ("28) in font nullfont!
Missing character: There is no в ("432) in font nullfont!
Missing character: There is no х ("445) in font nullfont!
Missing character: There is no о ("43E) in font nullfont!
Missing character: There is no д ("434) in font nullfont!
Missing character: There is no я ("44F) in font nullfont!
Missing character: There is no щ ("449) in font nullfont!
Missing character: There is no и ("438) in font nullfont!
Missing character: There is no й ("439) in font nullfont!
Missing character: There is no з ("437) in font nullfont!
Missing character: There is no в ("432) in font nullfont!
Missing character: There is no о ("43E) in font nullfont!
Missing character: There is no н ("43D) in font nullfont!
Missing character: There is no о ("43E) in font nullfont!
Missing character: There is no к ("43A) in font nullfont!
Missing character: There is no ) ("29) in font nullfont!
Missing character: There is no — ("2014) in font nullfont!
Missing character: There is no с ("441) in font nullfont!
Missing character: There is no о ("43E) in font nullfont!
Missing character: There is no с ("441) in font nullfont!
Missing character: There is no т ("442) in font nullfont!
Missing character: There is no о ("43E) in font nullfont!
Missing character: There is no я ("44F) in font nullfont!
Missing character: There is no н ("43D) in font nullfont!
Missing character: There is no и ("438) in font nullfont!
Missing character: There is no е ("435) in font nullfont!
Missing character: There is no в ("432) in font nullfont!
Missing character: There is no о ("43E) in font nullfont!
Missing character: There is no с ("441) in font nullfont!
Missing character: There is no с ("441) in font nullfont!
Missing character: There is no т ("442) in font nullfont!
Missing character: There is no а ("430) in font nullfont!
Missing character: There is no н ("43D) in font nullfont!
Missing character: There is no а ("430) in font nullfont!
Missing character: There is no в ("432) in font nullfont!
Missing character: There is no л ("43B) in font nullfont!
Missing character: There is no и ("438) in font nullfont!
Missing character: There is no в ("432) in font nullfont!
Missing character: There is no а ("430) in font nullfont!
Missing character: There is no е ("435) in font nullfont!
Missing character: There is no т ("442) in font nullfont!
Missing character: There is no с ("441) in font nullfont!
Missing character: There is no я ("44F) in font nullfont!
Missing character: There is no ; ("3B) in font nullfont!
Missing character: There is no с ("441) in font nullfont!
Missing character: There is no в ("432) in font nullfont!
Missing character: There is no о ("43E) in font nullfont!
Missing character: There is no р ("440) in font nullfont!
Missing character: There is no а ("430) in font nullfont!
Missing character: There is no ч ("447) in font nullfont!
Missing character: There is no и ("438) in font nullfont!
Missing character: There is no в ("432) in font nullfont!
Missing character: There is no а ("430) in font nullfont!
Missing character: There is no н ("43D) in font nullfont!
Missing character: There is no и ("438) in font nullfont!
Missing character: There is no е ("435) in font nullfont!
Missing character: There is no п ("43F) in font nullfont!
Missing character: There is no р ("440) in font nullfont!
Missing character: There is no и ("438) in font nullfont!
Missing character: There is no л ("43B) in font nullfont!
Missing character: There is no о ("43E) in font nullfont!
Missing character: There is no ж ("436) in font nullfont!
Missing character: There is no е ("435) in font nullfont!
Missing character: There is no н ("43D) in font nullfont!
Missing character: There is no и ("438) in font nullfont!
Missing character: There is no я ("44F) in font nullfont!
Missing character: There is no — ("2014) in font nullfont!
Missing character: There is no с ("441) in font nullfont!
Missing character: There is no о ("43E) in font nullfont!
Missing character: There is no с ("441) in font nullfont!
Missing character: There is no т ("442) in font nullfont!
Missing character: There is no о ("43E) in font nullfont!
Missing character: There is no я ("44F) in font nullfont!
Missing character: There is no н ("43D) in font nullfont!
Missing character: There is no и ("438) in font nullfont!
Missing character: There is no е ("435) in font nullfont!
Missing character: There is no с ("441) in font nullfont!
Missing character: There is no о ("43E) in font nullfont!
Missing character: There is no х ("445) in font nullfont!
Missing character: There is no р ("440) in font nullfont!
Missing character: There is no а ("430) in font nullfont!
Missing character: There is no н ("43D) in font nullfont!
Missing character: There is no я ("44F) in font nullfont!
Missing character: There is no е ("435) in font nullfont!
Missing character: There is no т ("442) in font nullfont!
Missing character: There is no с ("441) in font nullfont!
Missing character: There is no я ("44F) in font nullfont!
Missing character: There is no ; ("3B) in font nullfont!
Missing character: There is no с ("441) in font nullfont!
Missing character: There is no л ("43B) in font nullfont!
Missing character: There is no а ("430) in font nullfont!
Missing character: There is no б ("431) in font nullfont!
Missing character: There is no о ("43E) in font nullfont!
Missing character: There is no е ("435) in font nullfont!
Missing character: There is no и ("438) in font nullfont!
Missing character: There is no н ("43D) in font nullfont!
Missing character: There is no т ("442) in font nullfont!
Missing character: There is no е ("435) in font nullfont!
Missing character: There is no р ("440) in font nullfont!
Missing character: There is no н ("43D) in font nullfont!
Missing character: There is no е ("435) in font nullfont!
Missing character: There is no т ("442) in font nullfont!
Missing character: There is no - ("2D) in font nullfont!
Missing character: There is no с ("441) in font nullfont!
Missing character: There is no о ("43E) in font nullfont!
Missing character: There is no е ("435) in font nullfont!
Missing character: There is no д ("434) in font nullfont!
Missing character: There is no и ("438) in font nullfont!
Missing character: There is no н ("43D) in font nullfont!
Missing character: There is no е ("435) in font nullfont!
Missing character: There is no н ("43D) in font nullfont!
Missing character: There is no и ("438) in font nullfont!
Missing character: There is no е ("435) in font nullfont!
Missing character: There is no — ("2014) in font nullfont!
Missing character: There is no п ("43F) in font nullfont!
Missing character: There is no р ("440) in font nullfont!
Missing character: There is no и ("438) in font nullfont!
Missing character: There is no л ("43B) in font nullfont!
Missing character: There is no о ("43E) in font nullfont!
Missing character: There is no ж ("436) in font nullfont!
Missing character: There is no е ("435) in font nullfont!
Missing character: There is no н ("43D) in font nullfont!
Missing character: There is no и ("438) in font nullfont!
Missing character: There is no е ("435) in font nullfont!
Missing character: There is no р ("440) in font nullfont!
Missing character: There is no а ("430) in font nullfont!
Missing character: There is no б ("431) in font nullfont!
Missing character: There is no о ("43E) in font nullfont!
Missing character: There is no т ("442) in font nullfont!
Missing character: There is no а ("430) in font nullfont!
Missing character: There is no е ("435) in font nullfont!
Missing character: There is no т ("442) in font nullfont!
Missing character: There is no а ("430) in font nullfont!
Missing character: There is no в ("432) in font nullfont!
Missing character: There is no т ("442) in font nullfont!
Missing character: There is no о ("43E) in font nullfont!
Missing character: There is no н ("43D) in font nullfont!
Missing character: There is no о ("43E) in font nullfont!
Missing character: There is no м ("43C) in font nullfont!
Missing character: There is no н ("43D) in font nullfont!
Missing character: There is no о ("43E) in font nullfont!
Missing character: There is no ( ("28) in font nullfont!
Missing character: There is no д ("434) in font nullfont!
Missing character: There is no а ("430) in font nullfont!
Missing character: There is no н ("43D) in font nullfont!
Missing character: There is no н ("43D) in font nullfont!
Missing character: There is no ы ("44B) in font nullfont!
Missing character: There is no е ("435) in font nullfont!
Missing character: There is no л ("43B) in font nullfont!
Missing character: There is no о ("43E) in font nullfont!
Missing character: There is no к ("43A) in font nullfont!
Missing character: There is no а ("430) in font nullfont!
Missing character: There is no л ("43B) in font nullfont!
Missing character: There is no ь ("44C) in font nullfont!
Missing character: There is no н ("43D) in font nullfont!
Missing character: There is no ы ("44B) in font nullfont!
Missing character: There is no е ("435) in font nullfont!
Missing character: There is no ) ("29) in font nullfont!
Missing character: There is no ; ("3B) in font nullfont!
Missing character: There is no н ("43D) in font nullfont!
Missing character: There is no и ("438) in font nullfont!
Missing character: There is no з ("437) in font nullfont!
Missing character: There is no к ("43A) in font nullfont!
Missing character: There is no и ("438) in font nullfont!
Missing character: There is no й ("439) in font nullfont!
Missing character: There is no з ("437) in font nullfont!
Missing character: There is no а ("430) in font nullfont!
Missing character: There is no р ("440) in font nullfont!
Missing character: There is no я ("44F) in font nullfont!
Missing character: There is no д ("434) in font nullfont!
Missing character: There is no б ("431) in font nullfont!
Missing character: There is no а ("430) in font nullfont!
Missing character: There is no т ("442) in font nullfont!
Missing character: There is no а ("430) in font nullfont!
Missing character: There is no р ("440) in font nullfont!
Missing character: There is no е ("435) in font nullfont!
Missing character: There is no и ("438) in font nullfont!
Missing character: There is no — ("2014) in font nullfont!
Missing character: There is no п ("43F) in font nullfont!
Missing character: There is no р ("440) in font nullfont!
Missing character: There is no и ("438) in font nullfont!
Missing character: There is no л ("43B) in font nullfont!
Missing character: There is no о ("43E) in font nullfont!
Missing character: There is no ж ("436) in font nullfont!
Missing character: There is no е ("435) in font nullfont!
Missing character: There is no н ("43D) in font nullfont!
Missing character: There is no и ("438) in font nullfont!
Missing character: There is no е ("435) in font nullfont!
Missing character: There is no н ("43D) in font nullfont!
Missing character: There is no е ("435) in font nullfont!
Missing character: There is no п ("43F) in font nullfont!
Missing character: There is no о ("43E) in font nullfont!
Missing character: There is no т ("442) in font nullfont!
Missing character: There is no р ("440) in font nullfont!
Missing character: There is no е ("435) in font nullfont!
Missing character: There is no б ("431) in font nullfont!
Missing character: There is no л ("43B) in font nullfont!
Missing character: There is no я ("44F) in font nullfont!
Missing character: There is no е ("435) in font nullfont!
Missing character: There is no т ("442) in font nullfont!
Missing character: There is no и ("438) in font nullfont!
Missing character: There is no з ("437) in font nullfont!
Missing character: There is no б ("431) in font nullfont!
Missing character: There is no ы ("44B) in font nullfont!
Missing character: There is no т ("442) in font nullfont!
Missing character: There is no о ("43E) in font nullfont!
Missing character: There is no ч ("447) in font nullfont!
Missing character: There is no н ("43D) in font nullfont!
Missing character: There is no у ("443) in font nullfont!
Missing character: There is no ю ("44E) in font nullfont!
Missing character: There is no э ("44D) in font nullfont!
Missing character: There is no н ("43D) in font nullfont!
Missing character: There is no е ("435) in font nullfont!
Missing character: There is no р ("440) in font nullfont!
Missing character: There is no г ("433) in font nullfont!
Missing character: There is no и ("438) in font nullfont!
Missing character: There is no ю ("44E) in font nullfont!
Missing character: There is no . ("2E) in font nullfont!
! Undefined control sequence.
l.160 \subsection
                 {Совместимость с версиями Android}
The control sequence at the end of the top line
of your error message was never \def'ed. If you have
misspelled it (e.g., `\hobx'), type `I' and the correct
spelling (e.g., `I\hbox'). Otherwise just continue,
and I'll forget about whatever was undefined.

Missing character: There is no С ("421) in font nullfont!
Missing character: There is no о ("43E) in font nullfont!
Missing character: There is no в ("432) in font nullfont!
Missing character: There is no м ("43C) in font nullfont!
Missing character: There is no е ("435) in font nullfont!
Missing character: There is no с ("441) in font nullfont!
Missing character: There is no т ("442) in font nullfont!
Missing character: There is no и ("438) in font nullfont!
Missing character: There is no м ("43C) in font nullfont!
Missing character: There is no о ("43E) in font nullfont!
Missing character: There is no с ("441) in font nullfont!
Missing character: There is no т ("442) in font nullfont!
Missing character: There is no ь ("44C) in font nullfont!
Missing character: There is no с ("441) in font nullfont!
Missing character: There is no в ("432) in font nullfont!
Missing character: There is no е ("435) in font nullfont!
Missing character: There is no р ("440) in font nullfont!
Missing character: There is no с ("441) in font nullfont!
Missing character: There is no и ("438) in font nullfont!
Missing character: There is no я ("44F) in font nullfont!
Missing character: There is no м ("43C) in font nullfont!
Missing character: There is no и ("438) in font nullfont!
Missing character: There is no A ("41) in font nullfont!
Missing character: There is no n ("6E) in font nullfont!
Missing character: There is no d ("64) in font nullfont!
Missing character: There is no r ("72) in font nullfont!
Missing character: There is no o ("6F) in font nullfont!
Missing character: There is no i ("69) in font nullfont!
Missing character: There is no d ("64) in font nullfont!

Overfull \hbox (20.0pt too wide) in paragraph at lines 160--161
[]
 []

Missing character: There is no П ("41F) in font nullfont!
Missing character: There is no р ("440) in font nullfont!
Missing character: There is no и ("438) in font nullfont!
Missing character: There is no л ("43B) in font nullfont!
Missing character: There is no о ("43E) in font nullfont!
Missing character: There is no ж ("436) in font nullfont!
Missing character: There is no е ("435) in font nullfont!
Missing character: There is no н ("43D) in font nullfont!
Missing character: There is no и ("438) in font nullfont!
Missing character: There is no е ("435) in font nullfont!
Missing character: There is no б ("431) in font nullfont!
Missing character: There is no ы ("44B) in font nullfont!
Missing character: There is no л ("43B) in font nullfont!
Missing character: There is no о ("43E) in font nullfont!
Missing character: There is no п ("43F) in font nullfont!
Missing character: There is no р ("440) in font nullfont!
Missing character: There is no о ("43E) in font nullfont!
Missing character: There is no т ("442) in font nullfont!
Missing character: There is no е ("435) in font nullfont!
Missing character: There is no с ("441) in font nullfont!
Missing character: There is no т ("442) in font nullfont!
Missing character: There is no и ("438) in font nullfont!
Missing character: There is no р ("440) in font nullfont!
Missing character: There is no о ("43E) in font nullfont!
Missing character: There is no в ("432) in font nullfont!
Missing character: There is no а ("430) in font nullfont!
Missing character: There is no н ("43D) in font nullfont!
Missing character: There is no о ("43E) in font nullfont!
Missing character: There is no н ("43D) in font nullfont!
Missing character: There is no а ("430) in font nullfont!
Missing character: There is no с ("441) in font nullfont!
Missing character: There is no л ("43B) in font nullfont!
Missing character: There is no е ("435) in font nullfont!
Missing character: There is no д ("434) in font nullfont!
Missing character: There is no у ("443) in font nullfont!
Missing character: There is no ю ("44E) in font nullfont!
Missing character: There is no щ ("449) in font nullfont!
Missing character: There is no и ("438) in font nullfont!
Missing character: There is no х ("445) in font nullfont!
Missing character: There is no в ("432) in font nullfont!
Missing character: There is no е ("435) in font nullfont!
Missing character: There is no р ("440) in font nullfont!
Missing character: There is no с ("441) in font nullfont!
Missing character: There is no и ("438) in font nullfont!
Missing character: There is no я ("44F) in font nullfont!
Missing character: There is no х ("445) in font nullfont!
Missing character: There is no A ("41) in font nullfont!
Missing character: There is no n ("6E) in font nullfont!
Missing character: There is no d ("64) in font nullfont!
Missing character: There is no r ("72) in font nullfont!
Missing character: There is no o ("6F) in font nullfont!
Missing character: There is no i ("69) in font nullfont!
Missing character: There is no d ("64) in font nullfont!
Missing character: There is no : ("3A) in font nullfont!

Overfull \hbox (20.0pt too wide) in paragraph at lines 162--163
[]
 []

Missing character: There is no A ("41) in font nullfont!
Missing character: There is no n ("6E) in font nullfont!
Missing character: There is no d ("64) in font nullfont!
Missing character: There is no r ("72) in font nullfont!
Missing character: There is no o ("6F) in font nullfont!
Missing character: There is no i ("69) in font nullfont!
Missing character: There is no d ("64) in font nullfont!
Missing character: There is no 7 ("37) in font nullfont!
Missing character: There is no . ("2E) in font nullfont!
Missing character: There is no 0 ("30) in font nullfont!
Missing character: There is no ( ("28) in font nullfont!
Missing character: There is no A ("41) in font nullfont!
Missing character: There is no P ("50) in font nullfont!
Missing character: There is no I ("49) in font nullfont!
Missing character: There is no 2 ("32) in font nullfont!
Missing character: There is no 4 ("34) in font nullfont!
Missing character: There is no ) ("29) in font nullfont!
Missing character: There is no — ("2014) in font nullfont!
Missing character: There is no э ("44D) in font nullfont!
Missing character: There is no м ("43C) in font nullfont!
Missing character: There is no у ("443) in font nullfont!
Missing character: There is no л ("43B) in font nullfont!
Missing character: There is no я ("44F) in font nullfont!
Missing character: There is no т ("442) in font nullfont!
Missing character: There is no о ("43E) in font nullfont!
Missing character: There is no р ("440) in font nullfont!
Missing character: There is no , ("2C) in font nullfont!
Missing character: There is no р ("440) in font nullfont!
Missing character: There is no а ("430) in font nullfont!
Missing character: There is no б ("431) in font nullfont!
Missing character: There is no о ("43E) in font nullfont!
Missing character: There is no т ("442) in font nullfont!
Missing character: There is no а ("430) in font nullfont!
Missing character: There is no е ("435) in font nullfont!
Missing character: There is no т ("442) in font nullfont!
Missing character: There is no к ("43A) in font nullfont!
Missing character: There is no о ("43E) in font nullfont!
Missing character: There is no р ("440) in font nullfont!
Missing character: There is no р ("440) in font nullfont!
Missing character: There is no е ("435) in font nullfont!
Missing character: There is no к ("43A) in font nullfont!
Missing character: There is no т ("442) in font nullfont!
Missing character: There is no н ("43D) in font nullfont!
Missing character: There is no о ("43E) in font nullfont!
Missing character: There is no ; ("3B) in font nullfont!
Missing character: There is no A ("41) in font nullfont!
Missing character: There is no n ("6E) in font nullfont!
Missing character: There is no d ("64) in font nullfont!
Missing character: There is no r ("72) in font nullfont!
Missing character: There is no o ("6F) in font nullfont!
Missing character: There is no i ("69) in font nullfont!
Missing character: There is no d ("64) in font nullfont!
Missing character: There is no 8 ("38) in font nullfont!
Missing character: There is no . ("2E) in font nullfont!
Missing character: There is no 0 ("30) in font nullfont!
Missing character: There is no ( ("28) in font nullfont!
Missing character: There is no A ("41) in font nullfont!
Missing character: There is no P ("50) in font nullfont!
Missing character: There is no I ("49) in font nullfont!
Missing character: There is no 2 ("32) in font nullfont!
Missing character: There is no 6 ("36) in font nullfont!
Missing character: There is no ) ("29) in font nullfont!
Missing character: There is no — ("2014) in font nullfont!
Missing character: There is no э ("44D) in font nullfont!
Missing character: There is no м ("43C) in font nullfont!
Missing character: There is no у ("443) in font nullfont!
Missing character: There is no л ("43B) in font nullfont!
Missing character: There is no я ("44F) in font nullfont!
Missing character: There is no т ("442) in font nullfont!
Missing character: There is no о ("43E) in font nullfont!
Missing character: There is no р ("440) in font nullfont!
Missing character: There is no , ("2C) in font nullfont!
Missing character: There is no р ("440) in font nullfont!
Missing character: There is no а ("430) in font nullfont!
Missing character: There is no б ("431) in font nullfont!
Missing character: There is no о ("43E) in font nullfont!
Missing character: There is no т ("442) in font nullfont!
Missing character: There is no а ("430) in font nullfont!
Missing character: There is no е ("435) in font nullfont!
Missing character: There is no т ("442) in font nullfont!
Missing character: There is no к ("43A) in font nullfont!
Missing character: There is no о ("43E) in font nullfont!
Missing character: There is no р ("440) in font nullfont!
Missing character: There is no р ("440) in font nullfont!
Missing character: There is no е ("435) in font nullfont!
Missing character: There is no к ("43A) in font nullfont!
Missing character: There is no т ("442) in font nullfont!
Missing character: There is no н ("43D) in font nullfont!
Missing character: There is no о ("43E) in font nullfont!
Missing character: There is no ; ("3B) in font nullfont!
Missing character: There is no A ("41) in font nullfont!
Missing character: There is no n ("6E) in font nullfont!
Missing character: There is no d ("64) in font nullfont!
Missing character: There is no r ("72) in font nullfont!
Missing character: There is no o ("6F) in font nullfont!
Missing character: There is no i ("69) in font nullfont!
Missing character: There is no d ("64) in font nullfont!
Missing character: There is no 9 ("39) in font nullfont!
Missing character: There is no . ("2E) in font nullfont!
Missing character: There is no 0 ("30) in font nullfont!
Missing character: There is no ( ("28) in font nullfont!
Missing character: There is no A ("41) in font nullfont!
Missing character: There is no P ("50) in font nullfont!
Missing character: There is no I ("49) in font nullfont!
Missing character: There is no 2 ("32) in font nullfont!
Missing character: There is no 8 ("38) in font nullfont!
Missing character: There is no ) ("29) in font nullfont!
Missing character: There is no — ("2014) in font nullfont!
Missing character: There is no ф ("444) in font nullfont!
Missing character: There is no и ("438) in font nullfont!
Missing character: There is no з ("437) in font nullfont!
Missing character: There is no и ("438) in font nullfont!
Missing character: There is no ч ("447) in font nullfont!
Missing character: There is no е ("435) in font nullfont!
Missing character: There is no с ("441) in font nullfont!
Missing character: There is no к ("43A) in font nullfont!
Missing character: There is no о ("43E) in font nullfont!
Missing character: There is no е ("435) in font nullfont!
Missing character: There is no у ("443) in font nullfont!
Missing character: There is no с ("441) in font nullfont!
Missing character: There is no т ("442) in font nullfont!
Missing character: There is no р ("440) in font nullfont!
Missing character: There is no о ("43E) in font nullfont!
Missing character: There is no й ("439) in font nullfont!
Missing character: There is no с ("441) in font nullfont!
Missing character: There is no т ("442) in font nullfont!
Missing character: There is no в ("432) in font nullfont!
Missing character: There is no о ("43E) in font nullfont!
Missing character: There is no , ("2C) in font nullfont!
Missing character: There is no р ("440) in font nullfont!
Missing character: There is no а ("430) in font nullfont!
Missing character: There is no б ("431) in font nullfont!
Missing character: There is no о ("43E) in font nullfont!
Missing character: There is no т ("442) in font nullfont!
Missing character: There is no а ("430) in font nullfont!
Missing character: There is no е ("435) in font nullfont!
Missing character: There is no т ("442) in font nullfont!
Missing character: There is no к ("43A) in font nullfont!
Missing character: There is no о ("43E) in font nullfont!
Missing character: There is no р ("440) in font nullfont!
Missing character: There is no р ("440) in font nullfont!
Missing character: There is no е ("435) in font nullfont!
Missing character: There is no к ("43A) in font nullfont!
Missing character: There is no т ("442) in font nullfont!
Missing character: There is no н ("43D) in font nullfont!
Missing character: There is no о ("43E) in font nullfont!
Missing character: There is no ; ("3B) in font nullfont!
Missing character: There is no A ("41) in font nullfont!
Missing character: There is no n ("6E) in font nullfont!
Missing character: There is no d ("64) in font nullfont!
Missing character: There is no r ("72) in font nullfont!
Missing character: There is no o ("6F) in font nullfont!
Missing character: There is no i ("69) in font nullfont!
Missing character: There is no d ("64) in font nullfont!
Missing character: There is no 1 ("31) in font nullfont!
Missing character: There is no 0 ("30) in font nullfont!
Missing character: There is no ( ("28) in font nullfont!
Missing character: There is no A ("41) in font nullfont!
Missing character: There is no P ("50) in font nullfont!
Missing character: There is no I ("49) in font nullfont!
Missing character: There is no 2 ("32) in font nullfont!
Missing character: There is no 9 ("39) in font nullfont!
Missing character: There is no ) ("29) in font nullfont!
Missing character: There is no — ("2014) in font nullfont!
Missing character: There is no ф ("444) in font nullfont!
Missing character: There is no и ("438) in font nullfont!
Missing character: There is no з ("437) in font nullfont!
Missing character: There is no и ("438) in font nullfont!
Missing character: There is no ч ("447) in font nullfont!
Missing character: There is no е ("435) in font nullfont!
Missing character: There is no с ("441) in font nullfont!
Missing character: There is no к ("43A) in font nullfont!
Missing character: There is no о ("43E) in font nullfont!
Missing character: There is no е ("435) in font nullfont!
Missing character: There is no у ("443) in font nullfont!
Missing character: There is no с ("441) in font nullfont!
Missing character: There is no т ("442) in font nullfont!
Missing character: There is no р ("440) in font nullfont!
Missing character: There is no о ("43E) in font nullfont!
Missing character: There is no й ("439) in font nullfont!
Missing character: There is no с ("441) in font nullfont!
Missing character: There is no т ("442) in font nullfont!
Missing character: There is no в ("432) in font nullfont!
Missing character: There is no о ("43E) in font nullfont!
Missing character: There is no , ("2C) in font nullfont!
Missing character: There is no р ("440) in font nullfont!
Missing character: There is no а ("430) in font nullfont!
Missing character: There is no б ("431) in font nullfont!
Missing character: There is no о ("43E) in font nullfont!
Missing character: There is no т ("442) in font nullfont!
Missing character: There is no а ("430) in font nullfont!
Missing character: There is no е ("435) in font nullfont!
Missing character: There is no т ("442) in font nullfont!
Missing character: There is no к ("43A) in font nullfont!
Missing character: There is no о ("43E) in font nullfont!
Missing character: There is no р ("440) in font nullfont!
Missing character: There is no р ("440) in font nullfont!
Missing character: There is no е ("435) in font nullfont!
Missing character: There is no к ("43A) in font nullfont!
Missing character: There is no т ("442) in font nullfont!
Missing character: There is no н ("43D) in font nullfont!
Missing character: There is no о ("43E) in font nullfont!
Missing character: There is no ; ("3B) in font nullfont!
Missing character: There is no A ("41) in font nullfont!
Missing character: There is no n ("6E) in font nullfont!
Missing character: There is no d ("64) in font nullfont!
Missing character: There is no r ("72) in font nullfont!
Missing character: There is no o ("6F) in font nullfont!
Missing character: There is no i ("69) in font nullfont!
Missing character: There is no d ("64) in font nullfont!
Missing character: There is no 1 ("31) in font nullfont!
Missing character: There is no 1 ("31) in font nullfont!
Missing character: There is no ( ("28) in font nullfont!
Missing character: There is no A ("41) in font nullfont!
Missing character: There is no P ("50) in font nullfont!
Missing character: There is no I ("49) in font nullfont!
Missing character: There is no 3 ("33) in font nullfont!
Missing character: There is no 0 ("30) in font nullfont!
Missing character: There is no ) ("29) in font nullfont!
Missing character: There is no — ("2014) in font nullfont!
Missing character: There is no ф ("444) in font nullfont!
Missing character: There is no и ("438) in font nullfont!
Missing character: There is no з ("437) in font nullfont!
Missing character: There is no и ("438) in font nullfont!
Missing character: There is no ч ("447) in font nullfont!
Missing character: There is no е ("435) in font nullfont!
Missing character: There is no с ("441) in font nullfont!
Missing character: There is no к ("43A) in font nullfont!
Missing character: There is no о ("43E) in font nullfont!
Missing character: There is no е ("435) in font nullfont!
Missing character: There is no у ("443) in font nullfont!
Missing character: There is no с ("441) in font nullfont!
Missing character: There is no т ("442) in font nullfont!
Missing character: There is no р ("440) in font nullfont!
Missing character: There is no о ("43E) in font nullfont!
Missing character: There is no й ("439) in font nullfont!
Missing character: There is no с ("441) in font nullfont!
Missing character: There is no т ("442) in font nullfont!
Missing character: There is no в ("432) in font nullfont!
Missing character: There is no о ("43E) in font nullfont!
Missing character: There is no , ("2C) in font nullfont!
Missing character: There is no р ("440) in font nullfont!
Missing character: There is no а ("430) in font nullfont!
Missing character: There is no б ("431) in font nullfont!
Missing character: There is no о ("43E) in font nullfont!
Missing character: There is no т ("442) in font nullfont!
Missing character: There is no а ("430) in font nullfont!
Missing character: There is no е ("435) in font nullfont!
Missing character: There is no т ("442) in font nullfont!
Missing character: There is no к ("43A) in font nullfont!
Missing character: There is no о ("43E) in font nullfont!
Missing character: There is no р ("440) in font nullfont!
Missing character: There is no р ("440) in font nullfont!
Missing character: There is no е ("435) in font nullfont!
Missing character: There is no к ("43A) in font nullfont!
Missing character: There is no т ("442) in font nullfont!
Missing character: There is no н ("43D) in font nullfont!
Missing character: There is no о ("43E) in font nullfont!
Missing character: There is no ; ("3B) in font nullfont!
Missing character: There is no A ("41) in font nullfont!
Missing character: There is no n ("6E) in font nullfont!
Missing character: There is no d ("64) in font nullfont!
Missing character: There is no r ("72) in font nullfont!
Missing character: There is no o ("6F) in font nullfont!
Missing character: There is no i ("69) in font nullfont!
Missing character: There is no d ("64) in font nullfont!
Missing character: There is no 1 ("31) in font nullfont!
Missing character: There is no 2 ("32) in font nullfont!
Missing character: There is no ( ("28) in font nullfont!
Missing character: There is no A ("41) in font nullfont!
Missing character: There is no P ("50) in font nullfont!
Missing character: There is no I ("49) in font nullfont!
Missing character: There is no 3 ("33) in font nullfont!
Missing character: There is no 1 ("31) in font nullfont!
Missing character: There is no ) ("29) in font nullfont!
Missing character: There is no — ("2014) in font nullfont!
Missing character: There is no ф ("444) in font nullfont!
Missing character: There is no и ("438) in font nullfont!
Missing character: There is no з ("437) in font nullfont!
Missing character: There is no и ("438) in font nullfont!
Missing character: There is no ч ("447) in font nullfont!
Missing character: There is no е ("435) in font nullfont!
Missing character: There is no с ("441) in font nullfont!
Missing character: There is no к ("43A) in font nullfont!
Missing character: There is no о ("43E) in font nullfont!
Missing character: There is no е ("435) in font nullfont!
Missing character: There is no у ("443) in font nullfont!
Missing character: There is no с ("441) in font nullfont!
Missing character: There is no т ("442) in font nullfont!
Missing character: There is no р ("440) in font nullfont!
Missing character: There is no о ("43E) in font nullfont!
Missing character: There is no й ("439) in font nullfont!
Missing character: There is no с ("441) in font nullfont!
Missing character: There is no т ("442) in font nullfont!
Missing character: There is no в ("432) in font nullfont!
Missing character: There is no о ("43E) in font nullfont!
Missing character: There is no , ("2C) in font nullfont!
Missing character: There is no р ("440) in font nullfont!
Missing character: There is no а ("430) in font nullfont!
Missing character: There is no б ("431) in font nullfont!
Missing character: There is no о ("43E) in font nullfont!
Missing character: There is no т ("442) in font nullfont!
Missing character: There is no а ("430) in font nullfont!
Missing character: There is no е ("435) in font nullfont!
Missing character: There is no т ("442) in font nullfont!
Missing character: There is no к ("43A) in font nullfont!
Missing character: There is no о ("43E) in font nullfont!
Missing character: There is no р ("440) in font nullfont!
Missing character: There is no р ("440) in font nullfont!
Missing character: There is no е ("435) in font nullfont!
Missing character: There is no к ("43A) in font nullfont!
Missing character: There is no т ("442) in font nullfont!
Missing character: There is no н ("43D) in font nullfont!
Missing character: There is no о ("43E) in font nullfont!
Missing character: There is no ; ("3B) in font nullfont!
Missing character: There is no A ("41) in font nullfont!
Missing character: There is no n ("6E) in font nullfont!
Missing character: There is no d ("64) in font nullfont!
Missing character: There is no r ("72) in font nullfont!
Missing character: There is no o ("6F) in font nullfont!
Missing character: There is no i ("69) in font nullfont!
Missing character: There is no d ("64) in font nullfont!
Missing character: There is no 1 ("31) in font nullfont!
Missing character: There is no 3 ("33) in font nullfont!
Missing character: There is no ( ("28) in font nullfont!
Missing character: There is no A ("41) in font nullfont!
Missing character: There is no P ("50) in font nullfont!
Missing character: There is no I ("49) in font nullfont!
Missing character: There is no 3 ("33) in font nullfont!
Missing character: There is no 3 ("33) in font nullfont!
Missing character: There is no ) ("29) in font nullfont!
Missing character: There is no — ("2014) in font nullfont!
Missing character: There is no э ("44D) in font nullfont!
Missing character: There is no м ("43C) in font nullfont!
Missing character: There is no у ("443) in font nullfont!
Missing character: There is no л ("43B) in font nullfont!
Missing character: There is no я ("44F) in font nullfont!
Missing character: There is no т ("442) in font nullfont!
Missing character: There is no о ("43E) in font nullfont!
Missing character: There is no р ("440) in font nullfont!
Missing character: There is no , ("2C) in font nullfont!
Missing character: There is no р ("440) in font nullfont!
Missing character: There is no а ("430) in font nullfont!
Missing character: There is no б ("431) in font nullfont!
Missing character: There is no о ("43E) in font nullfont!
Missing character: There is no т ("442) in font nullfont!
Missing character: There is no а ("430) in font nullfont!
Missing character: There is no е ("435) in font nullfont!
Missing character: There is no т ("442) in font nullfont!
Missing character: There is no к ("43A) in font nullfont!
Missing character: There is no о ("43E) in font nullfont!
Missing character: There is no р ("440) in font nullfont!
Missing character: There is no р ("440) in font nullfont!
Missing character: There is no е ("435) in font nullfont!
Missing character: There is no к ("43A) in font nullfont!
Missing character: There is no т ("442) in font nullfont!
Missing character: There is no н ("43D) in font nullfont!
Missing character: There is no о ("43E) in font nullfont!
Missing character: There is no . ("2E) in font nullfont!
! Undefined control sequence.
l.173 \subsection
                 {Выявленные дефекты и их устранение}
The control sequence at the end of the top line
of your error message was never \def'ed. If you have
misspelled it (e.g., `\hobx'), type `I' and the correct
spelling (e.g., `I\hbox'). Otherwise just continue,
and I'll forget about whatever was undefined.

Missing character: There is no В ("412) in font nullfont!
Missing character: There is no ы ("44B) in font nullfont!
Missing character: There is no я ("44F) in font nullfont!
Missing character: There is no в ("432) in font nullfont!
Missing character: There is no л ("43B) in font nullfont!
Missing character: There is no е ("435) in font nullfont!
Missing character: There is no н ("43D) in font nullfont!
Missing character: There is no н ("43D) in font nullfont!
Missing character: There is no ы ("44B) in font nullfont!
Missing character: There is no е ("435) in font nullfont!
Missing character: There is no д ("434) in font nullfont!
Missing character: There is no е ("435) in font nullfont!
Missing character: There is no ф ("444) in font nullfont!
Missing character: There is no е ("435) in font nullfont!
Missing character: There is no к ("43A) in font nullfont!
Missing character: There is no т ("442) in font nullfont!
Missing character: There is no ы ("44B) in font nullfont!
Missing character: There is no и ("438) in font nullfont!
Missing character: There is no и ("438) in font nullfont!
Missing character: There is no х ("445) in font nullfont!
Missing character: There is no у ("443) in font nullfont!
Missing character: There is no с ("441) in font nullfont!
Missing character: There is no т ("442) in font nullfont!
Missing character: There is no р ("440) in font nullfont!
Missing character: There is no а ("430) in font nullfont!
Missing character: There is no н ("43D) in font nullfont!
Missing character: There is no е ("435) in font nullfont!
Missing character: There is no н ("43D) in font nullfont!
Missing character: There is no и ("438) in font nullfont!
Missing character: There is no е ("435) in font nullfont!

Overfull \hbox (20.0pt too wide) in paragraph at lines 173--174
[]
 []

Missing character: There is no В ("412) in font nullfont!
Missing character: There is no п ("43F) in font nullfont!
Missing character: There is no р ("440) in font nullfont!
Missing character: There is no о ("43E) in font nullfont!
Missing character: There is no ц ("446) in font nullfont!
Missing character: There is no е ("435) in font nullfont!
Missing character: There is no с ("441) in font nullfont!
Missing character: There is no с ("441) in font nullfont!
Missing character: There is no е ("435) in font nullfont!
Missing character: There is no т ("442) in font nullfont!
Missing character: There is no е ("435) in font nullfont!
Missing character: There is no с ("441) in font nullfont!
Missing character: There is no т ("442) in font nullfont!
Missing character: There is no и ("438) in font nullfont!
Missing character: There is no р ("440) in font nullfont!
Missing character: There is no о ("43E) in font nullfont!
Missing character: There is no в ("432) in font nullfont!
Missing character: There is no а ("430) in font nullfont!
Missing character: There is no н ("43D) in font nullfont!
Missing character: There is no и ("438) in font nullfont!
Missing character: There is no я ("44F) in font nullfont!
Missing character: There is no б ("431) in font nullfont!
Missing character: There is no ы ("44B) in font nullfont!
Missing character: There is no л ("43B) in font nullfont!
Missing character: There is no и ("438) in font nullfont!
Missing character: There is no в ("432) in font nullfont!
Missing character: There is no ы ("44B) in font nullfont!
Missing character: There is no я ("44F) in font nullfont!
Missing character: There is no в ("432) in font nullfont!
Missing character: There is no л ("43B) in font nullfont!
Missing character: There is no е ("435) in font nullfont!
Missing character: There is no н ("43D) in font nullfont!
Missing character: There is no ы ("44B) in font nullfont!
Missing character: There is no с ("441) in font nullfont!
Missing character: There is no л ("43B) in font nullfont!
Missing character: There is no е ("435) in font nullfont!
Missing character: There is no д ("434) in font nullfont!
Missing character: There is no у ("443) in font nullfont!
Missing character: There is no ю ("44E) in font nullfont!
Missing character: There is no щ ("449) in font nullfont!
Missing character: There is no и ("438) in font nullfont!
Missing character: There is no е ("435) in font nullfont!
Missing character: There is no д ("434) in font nullfont!
Missing character: There is no е ("435) in font nullfont!
Missing character: There is no ф ("444) in font nullfont!
Missing character: There is no е ("435) in font nullfont!
Missing character: There is no к ("43A) in font nullfont!
Missing character: There is no т ("442) in font nullfont!
Missing character: There is no ы ("44B) in font nullfont!
Missing character: There is no : ("3A) in font nullfont!

Overfull \hbox (20.0pt too wide) in paragraph at lines 175--176
[]
 []

Missing character: There is no Д (U+0414) in font [lmroman10-bold]:mapping=tex-
text;!
Missing character: There is no е (U+0435) in font [lmroman10-bold]:mapping=tex-
text;!
Missing character: There is no ф (U+0444) in font [lmroman10-bold]:mapping=tex-
text;!
Missing character: There is no е (U+0435) in font [lmroman10-bold]:mapping=tex-
text;!
Missing character: There is no к (U+043A) in font [lmroman10-bold]:mapping=tex-
text;!
Missing character: There is no т (U+0442) in font [lmroman10-bold]:mapping=tex-
text;!
Missing character: There is no : ("3A) in font nullfont!
Missing character: There is no П ("41F) in font nullfont!
Missing character: There is no р ("440) in font nullfont!
Missing character: There is no и ("438) in font nullfont!
Missing character: There is no б ("431) in font nullfont!
Missing character: There is no ы ("44B) in font nullfont!
Missing character: There is no с ("441) in font nullfont!
Missing character: There is no т ("442) in font nullfont!
Missing character: There is no р ("440) in font nullfont!
Missing character: There is no о ("43E) in font nullfont!
Missing character: There is no м ("43C) in font nullfont!
Missing character: There is no п ("43F) in font nullfont!
Missing character: There is no е ("435) in font nullfont!
Missing character: There is no р ("440) in font nullfont!
Missing character: There is no е ("435) in font nullfont!
Missing character: There is no к ("43A) in font nullfont!
Missing character: There is no л ("43B) in font nullfont!
Missing character: There is no ю ("44E) in font nullfont!
Missing character: There is no ч ("447) in font nullfont!
Missing character: There is no е ("435) in font nullfont!
Missing character: There is no н ("43D) in font nullfont!
Missing character: There is no и ("438) in font nullfont!
Missing character: There is no и ("438) in font nullfont!
Missing character: There is no м ("43C) in font nullfont!
Missing character: There is no е ("435) in font nullfont!
Missing character: There is no ж ("436) in font nullfont!
Missing character: There is no д ("434) in font nullfont!
Missing character: There is no у ("443) in font nullfont!
Missing character: There is no в ("432) in font nullfont!
Missing character: There is no к ("43A) in font nullfont!
Missing character: There is no л ("43B) in font nullfont!
Missing character: There is no а ("430) in font nullfont!
Missing character: There is no д ("434) in font nullfont!
Missing character: There is no к ("43A) in font nullfont!
Missing character: There is no а ("430) in font nullfont!
Missing character: There is no м ("43C) in font nullfont!
Missing character: There is no и ("438) in font nullfont!
Missing character: There is no п ("43F) in font nullfont!
Missing character: There is no р ("440) in font nullfont!
Missing character: There is no и ("438) in font nullfont!
Missing character: There is no л ("43B) in font nullfont!
Missing character: There is no о ("43E) in font nullfont!
Missing character: There is no ж ("436) in font nullfont!
Missing character: There is no е ("435) in font nullfont!
Missing character: There is no н ("43D) in font nullfont!
Missing character: There is no и ("438) in font nullfont!
Missing character: There is no е ("435) in font nullfont!
Missing character: There is no и ("438) in font nullfont!
Missing character: There is no н ("43D) in font nullfont!
Missing character: There is no о ("43E) in font nullfont!
Missing character: There is no г ("433) in font nullfont!
Missing character: There is no д ("434) in font nullfont!
Missing character: There is no а ("430) in font nullfont!
Missing character: There is no з ("437) in font nullfont!
Missing character: There is no а ("430) in font nullfont!
Missing character: There is no в ("432) in font nullfont!
Missing character: There is no и ("438) in font nullfont!
Missing character: There is no с ("441) in font nullfont!
Missing character: There is no а ("430) in font nullfont!
Missing character: There is no л ("43B) in font nullfont!
Missing character: There is no о ("43E) in font nullfont!
Missing character: There is no . ("2E) in font nullfont!
Missing character: There is no У (U+0423) in font [lmroman10-bold]:mapping=tex-
text;!
Missing character: There is no с (U+0441) in font [lmroman10-bold]:mapping=tex-
text;!
Missing character: There is no т (U+0442) in font [lmroman10-bold]:mapping=tex-
text;!
Missing character: There is no р (U+0440) in font [lmroman10-bold]:mapping=tex-
text;!
Missing character: There is no а (U+0430) in font [lmroman10-bold]:mapping=tex-
text;!
Missing character: There is no н (U+043D) in font [lmroman10-bold]:mapping=tex-
text;!
Missing character: There is no е (U+0435) in font [lmroman10-bold]:mapping=tex-
text;!
Missing character: There is no н (U+043D) in font [lmroman10-bold]:mapping=tex-
text;!
Missing character: There is no и (U+0438) in font [lmroman10-bold]:mapping=tex-
text;!
Missing character: There is no е (U+0435) in font [lmroman10-bold]:mapping=tex-
text;!
Missing character: There is no : ("3A) in font nullfont!
Missing character: There is no о ("43E) in font nullfont!
Missing character: There is no п ("43F) in font nullfont!
Missing character: There is no т ("442) in font nullfont!
Missing character: There is no и ("438) in font nullfont!
Missing character: There is no м ("43C) in font nullfont!
Missing character: There is no и ("438) in font nullfont!
Missing character: There is no з ("437) in font nullfont!
Missing character: There is no и ("438) in font nullfont!
Missing character: There is no р ("440) in font nullfont!
Missing character: There is no о ("43E) in font nullfont!
Missing character: There is no в ("432) in font nullfont!
Missing character: There is no а ("430) in font nullfont!
Missing character: There is no н ("43D) in font nullfont!
Missing character: There is no а ("430) in font nullfont!
Missing character: There is no з ("437) in font nullfont!
Missing character: There is no а ("430) in font nullfont!
Missing character: There is no г ("433) in font nullfont!
Missing character: There is no р ("440) in font nullfont!
Missing character: There is no у ("443) in font nullfont!
Missing character: There is no з ("437) in font nullfont!
Missing character: There is no к ("43A) in font nullfont!
Missing character: There is no а ("430) in font nullfont!
Missing character: There is no ф ("444) in font nullfont!
Missing character: There is no р ("440) in font nullfont!
Missing character: There is no а ("430) in font nullfont!
Missing character: There is no г ("433) in font nullfont!
Missing character: There is no м ("43C) in font nullfont!
Missing character: There is no е ("435) in font nullfont!
Missing character: There is no н ("43D) in font nullfont!
Missing character: There is no т ("442) in font nullfont!
Missing character: There is no о ("43E) in font nullfont!
Missing character: There is no в ("432) in font nullfont!
Missing character: There is no , ("2C) in font nullfont!
Missing character: There is no д ("434) in font nullfont!
Missing character: There is no о ("43E) in font nullfont!
Missing character: There is no б ("431) in font nullfont!
Missing character: There is no а ("430) in font nullfont!
Missing character: There is no в ("432) in font nullfont!
Missing character: There is no л ("43B) in font nullfont!
Missing character: There is no е ("435) in font nullfont!
Missing character: There is no н ("43D) in font nullfont!
Missing character: There is no а ("430) in font nullfont!
Missing character: There is no п ("43F) in font nullfont!
Missing character: There is no р ("440) in font nullfont!
Missing character: There is no о ("43E) in font nullfont!
Missing character: There is no в ("432) in font nullfont!
Missing character: There is no е ("435) in font nullfont!
Missing character: There is no р ("440) in font nullfont!
Missing character: There is no к ("43A) in font nullfont!
Missing character: There is no а ("430) in font nullfont!
Missing character: There is no н ("43D) in font nullfont!
Missing character: There is no а ("430) in font nullfont!
Missing character: There is no п ("43F) in font nullfont!
Missing character: There is no о ("43E) in font nullfont!
Missing character: There is no в ("432) in font nullfont!
Missing character: There is no т ("442) in font nullfont!
Missing character: There is no о ("43E) in font nullfont!
Missing character: There is no р ("440) in font nullfont!
Missing character: There is no н ("43D) in font nullfont!
Missing character: There is no о ("43E) in font nullfont!
Missing character: There is no е ("435) in font nullfont!
Missing character: There is no с ("441) in font nullfont!
Missing character: There is no о ("43E) in font nullfont!
Missing character: There is no з ("437) in font nullfont!
Missing character: There is no д ("434) in font nullfont!
Missing character: There is no а ("430) in font nullfont!
Missing character: There is no н ("43D) in font nullfont!
Missing character: There is no и ("438) in font nullfont!
Missing character: There is no е ("435) in font nullfont!
Missing character: There is no . ("2E) in font nullfont!

Overfull \hbox (16.8pt too wide) in paragraph at lines 177--178
\TU/lmr/bx/n/10 Дефект
 []


Overfull \hbox (5.75pt too wide) in paragraph at lines 177--178
\TU/lmr/bx/n/10 1
 []


Overfull \hbox (28.0pt too wide) in paragraph at lines 177--178
\TU/lmr/bx/n/10 Устранение
 []

Missing character: There is no Д (U+0414) in font [lmroman10-bold]:mapping=tex-
text;!
Missing character: There is no е (U+0435) in font [lmroman10-bold]:mapping=tex-
text;!
Missing character: There is no ф (U+0444) in font [lmroman10-bold]:mapping=tex-
text;!
Missing character: There is no е (U+0435) in font [lmroman10-bold]:mapping=tex-
text;!
Missing character: There is no к (U+043A) in font [lmroman10-bold]:mapping=tex-
text;!
Missing character: There is no т (U+0442) in font [lmroman10-bold]:mapping=tex-
text;!
Missing character: There is no : ("3A) in font nullfont!
Missing character: There is no И ("418) in font nullfont!
Missing character: There is no з ("437) in font nullfont!
Missing character: There is no о ("43E) in font nullfont!
Missing character: There is no б ("431) in font nullfont!
Missing character: There is no р ("440) in font nullfont!
Missing character: There is no а ("430) in font nullfont!
Missing character: There is no ж ("436) in font nullfont!
Missing character: There is no е ("435) in font nullfont!
Missing character: There is no н ("43D) in font nullfont!
Missing character: There is no и ("438) in font nullfont!
Missing character: There is no е ("435) in font nullfont!
Missing character: There is no а ("430) in font nullfont!
Missing character: There is no в ("432) in font nullfont!
Missing character: There is no а ("430) in font nullfont!
Missing character: There is no т ("442) in font nullfont!
Missing character: There is no а ("430) in font nullfont!
Missing character: There is no р ("440) in font nullfont!
Missing character: There is no а ("430) in font nullfont!
Missing character: There is no н ("43D) in font nullfont!
Missing character: There is no е ("435) in font nullfont!
Missing character: There is no з ("437) in font nullfont!
Missing character: There is no а ("430) in font nullfont!
Missing character: There is no г ("433) in font nullfont!
Missing character: There is no р ("440) in font nullfont!
Missing character: There is no у ("443) in font nullfont!
Missing character: There is no ж ("436) in font nullfont!
Missing character: There is no а ("430) in font nullfont!
Missing character: There is no л ("43B) in font nullfont!
Missing character: There is no о ("43E) in font nullfont!
Missing character: There is no с ("441) in font nullfont!
Missing character: There is no ь ("44C) in font nullfont!
Missing character: There is no п ("43F) in font nullfont!
Missing character: There is no р ("440) in font nullfont!
Missing character: There is no и ("438) in font nullfont!
Missing character: There is no п ("43F) in font nullfont!
Missing character: There is no е ("435) in font nullfont!
Missing character: There is no р ("440) in font nullfont!
Missing character: There is no в ("432) in font nullfont!
Missing character: There is no о ("43E) in font nullfont!
Missing character: There is no м ("43C) in font nullfont!
Missing character: There is no з ("437) in font nullfont!
Missing character: There is no а ("430) in font nullfont!
Missing character: There is no п ("43F) in font nullfont!
Missing character: There is no у ("443) in font nullfont!
Missing character: There is no с ("441) in font nullfont!
Missing character: There is no к ("43A) in font nullfont!
Missing character: There is no е ("435) in font nullfont!
Missing character: There is no . ("2E) in font nullfont!
Missing character: There is no У (U+0423) in font [lmroman10-bold]:mapping=tex-
text;!
Missing character: There is no с (U+0441) in font [lmroman10-bold]:mapping=tex-
text;!
Missing character: There is no т (U+0442) in font [lmroman10-bold]:mapping=tex-
text;!
Missing character: There is no р (U+0440) in font [lmroman10-bold]:mapping=tex-
text;!
Missing character: There is no а (U+0430) in font [lmroman10-bold]:mapping=tex-
text;!
Missing character: There is no н (U+043D) in font [lmroman10-bold]:mapping=tex-
text;!
Missing character: There is no е (U+0435) in font [lmroman10-bold]:mapping=tex-
text;!
Missing character: There is no н (U+043D) in font [lmroman10-bold]:mapping=tex-
text;!
Missing character: There is no и (U+0438) in font [lmroman10-bold]:mapping=tex-
text;!
Missing character: There is no е (U+0435) in font [lmroman10-bold]:mapping=tex-
text;!
Missing character: There is no : ("3A) in font nullfont!
Missing character: There is no д ("434) in font nullfont!
Missing character: There is no о ("43E) in font nullfont!
Missing character: There is no б ("431) in font nullfont!
Missing character: There is no а ("430) in font nullfont!
Missing character: There is no в ("432) in font nullfont!
Missing character: There is no л ("43B) in font nullfont!
Missing character: There is no е ("435) in font nullfont!
Missing character: There is no н ("43D) in font nullfont!
Missing character: There is no а ("430) in font nullfont!
Missing character: There is no з ("437) in font nullfont!
Missing character: There is no а ("430) in font nullfont!
Missing character: There is no г ("433) in font nullfont!
Missing character: There is no р ("440) in font nullfont!
Missing character: There is no у ("443) in font nullfont!
Missing character: There is no з ("437) in font nullfont!
Missing character: There is no к ("43A) in font nullfont!
Missing character: There is no а ("430) in font nullfont!
Missing character: There is no и ("438) in font nullfont!
Missing character: There is no з ("437) in font nullfont!
Missing character: There is no о ("43E) in font nullfont!
Missing character: There is no б ("431) in font nullfont!
Missing character: There is no р ("440) in font nullfont!
Missing character: There is no а ("430) in font nullfont!
Missing character: There is no ж ("436) in font nullfont!
Missing character: There is no е ("435) in font nullfont!
Missing character: There is no н ("43D) in font nullfont!
Missing character: There is no и ("438) in font nullfont!
Missing character: There is no я ("44F) in font nullfont!
Missing character: There is no в ("432) in font nullfont!
Missing character: There is no ф ("444) in font nullfont!
Missing character: There is no о ("43E) in font nullfont!
Missing character: There is no н ("43D) in font nullfont!
Missing character: There is no о ("43E) in font nullfont!
Missing character: There is no в ("432) in font nullfont!
Missing character: There is no о ("43E) in font nullfont!
Missing character: There is no м ("43C) in font nullfont!
Missing character: There is no п ("43F) in font nullfont!
Missing character: There is no о ("43E) in font nullfont!
Missing character: There is no т ("442) in font nullfont!
Missing character: There is no о ("43E) in font nullfont!
Missing character: There is no к ("43A) in font nullfont!
Missing character: There is no е ("435) in font nullfont!
Missing character: There is no . ("2E) in font nullfont!

Overfull \hbox (16.8pt too wide) in paragraph at lines 178--179
\TU/lmr/bx/n/10 Дефект
 []


Overfull \hbox (5.75pt too wide) in paragraph at lines 178--179
\TU/lmr/bx/n/10 2
 []


Overfull \hbox (28.0pt too wide) in paragraph at lines 178--179
\TU/lmr/bx/n/10 Устранение
 []

Missing character: There is no Д (U+0414) in font [lmroman10-bold]:mapping=tex-
text;!
Missing character: There is no е (U+0435) in font [lmroman10-bold]:mapping=tex-
text;!
Missing character: There is no ф (U+0444) in font [lmroman10-bold]:mapping=tex-
text;!
Missing character: There is no е (U+0435) in font [lmroman10-bold]:mapping=tex-
text;!
Missing character: There is no к (U+043A) in font [lmroman10-bold]:mapping=tex-
text;!
Missing character: There is no т (U+0442) in font [lmroman10-bold]:mapping=tex-
text;!
Missing character: There is no : ("3A) in font nullfont!
Missing character: There is no У ("423) in font nullfont!
Missing character: There is no в ("432) in font nullfont!
Missing character: There is no е ("435) in font nullfont!
Missing character: There is no д ("434) in font nullfont!
Missing character: There is no о ("43E) in font nullfont!
Missing character: There is no м ("43C) in font nullfont!
Missing character: There is no л ("43B) in font nullfont!
Missing character: There is no е ("435) in font nullfont!
Missing character: There is no н ("43D) in font nullfont!
Missing character: There is no и ("438) in font nullfont!
Missing character: There is no я ("44F) in font nullfont!
Missing character: There is no н ("43D) in font nullfont!
Missing character: There is no е ("435) in font nullfont!
Missing character: There is no о ("43E) in font nullfont!
Missing character: There is no т ("442) in font nullfont!
Missing character: There is no п ("43F) in font nullfont!
Missing character: There is no р ("440) in font nullfont!
Missing character: There is no а ("430) in font nullfont!
Missing character: There is no в ("432) in font nullfont!
Missing character: There is no л ("43B) in font nullfont!
Missing character: There is no я ("44F) in font nullfont!
Missing character: There is no л ("43B) in font nullfont!
Missing character: There is no и ("438) in font nullfont!
Missing character: There is no с ("441) in font nullfont!
Missing character: There is no ь ("44C) in font nullfont!
Missing character: There is no н ("43D) in font nullfont!
Missing character: There is no а ("430) in font nullfont!
Missing character: There is no A ("41) in font nullfont!
Missing character: There is no n ("6E) in font nullfont!
Missing character: There is no d ("64) in font nullfont!
Missing character: There is no r ("72) in font nullfont!
Missing character: There is no o ("6F) in font nullfont!
Missing character: There is no i ("69) in font nullfont!
Missing character: There is no d ("64) in font nullfont!
Missing character: There is no 1 ("31) in font nullfont!
Missing character: There is no 2 ("32) in font nullfont!
Missing character: There is no и ("438) in font nullfont!
Missing character: There is no в ("432) in font nullfont!
Missing character: There is no ы ("44B) in font nullfont!
Missing character: There is no ш ("448) in font nullfont!
Missing character: There is no е ("435) in font nullfont!
Missing character: There is no . ("2E) in font nullfont!
Missing character: There is no У (U+0423) in font [lmroman10-bold]:mapping=tex-
text;!
Missing character: There is no с (U+0441) in font [lmroman10-bold]:mapping=tex-
text;!
Missing character: There is no т (U+0442) in font [lmroman10-bold]:mapping=tex-
text;!
Missing character: There is no р (U+0440) in font [lmroman10-bold]:mapping=tex-
text;!
Missing character: There is no а (U+0430) in font [lmroman10-bold]:mapping=tex-
text;!
Missing character: There is no н (U+043D) in font [lmroman10-bold]:mapping=tex-
text;!
Missing character: There is no е (U+0435) in font [lmroman10-bold]:mapping=tex-
text;!
Missing character: There is no н (U+043D) in font [lmroman10-bold]:mapping=tex-
text;!
Missing character: There is no и (U+0438) in font [lmroman10-bold]:mapping=tex-
text;!
Missing character: There is no е (U+0435) in font [lmroman10-bold]:mapping=tex-
text;!
Missing character: There is no : ("3A) in font nullfont!
Missing character: There is no д ("434) in font nullfont!
Missing character: There is no о ("43E) in font nullfont!
Missing character: There is no б ("431) in font nullfont!
Missing character: There is no а ("430) in font nullfont!
Missing character: There is no в ("432) in font nullfont!
Missing character: There is no л ("43B) in font nullfont!
Missing character: There is no е ("435) in font nullfont!
Missing character: There is no н ("43D) in font nullfont!
Missing character: There is no а ("430) in font nullfont!
Missing character: There is no п ("43F) in font nullfont!
Missing character: There is no о ("43E) in font nullfont!
Missing character: There is no д ("434) in font nullfont!
Missing character: There is no д ("434) in font nullfont!
Missing character: There is no е ("435) in font nullfont!
Missing character: There is no р ("440) in font nullfont!
Missing character: There is no ж ("436) in font nullfont!
Missing character: There is no к ("43A) in font nullfont!
Missing character: There is no а ("430) in font nullfont!
Missing character: There is no н ("43D) in font nullfont!
Missing character: There is no о ("43E) in font nullfont!
Missing character: There is no в ("432) in font nullfont!
Missing character: There is no ы ("44B) in font nullfont!
Missing character: There is no х ("445) in font nullfont!
Missing character: There is no р ("440) in font nullfont!
Missing character: There is no а ("430) in font nullfont!
Missing character: There is no з ("437) in font nullfont!
Missing character: There is no р ("440) in font nullfont!
Missing character: There is no е ("435) in font nullfont!
Missing character: There is no ш ("448) in font nullfont!
Missing character: There is no е ("435) in font nullfont!
Missing character: There is no н ("43D) in font nullfont!
Missing character: There is no и ("438) in font nullfont!
Missing character: There is no й ("439) in font nullfont!
Missing character: There is no д ("434) in font nullfont!
Missing character: There is no л ("43B) in font nullfont!
Missing character: There is no я ("44F) in font nullfont!
Missing character: There is no у ("443) in font nullfont!
Missing character: There is no в ("432) in font nullfont!
Missing character: There is no е ("435) in font nullfont!
Missing character: There is no д ("434) in font nullfont!
Missing character: There is no о ("43E) in font nullfont!
Missing character: There is no м ("43C) in font nullfont!
Missing character: There is no л ("43B) in font nullfont!
Missing character: There is no е ("435) in font nullfont!
Missing character: There is no н ("43D) in font nullfont!
Missing character: There is no и ("438) in font nullfont!
Missing character: There is no й ("439) in font nullfont!
Missing character: There is no . ("2E) in font nullfont!

Overfull \hbox (16.8pt too wide) in paragraph at lines 179--180
\TU/lmr/bx/n/10 Дефект
 []


Overfull \hbox (5.75pt too wide) in paragraph at lines 179--180
\TU/lmr/bx/n/10 3
 []


Overfull \hbox (28.0pt too wide) in paragraph at lines 179--180
\TU/lmr/bx/n/10 Устранение
 []

! Undefined control sequence.
l.182 \subsection
                 {Выводы по тестированию}
The control sequence at the end of the top line
of your error message was never \def'ed. If you have
misspelled it (e.g., `\hobx'), type `I' and the correct
spelling (e.g., `I\hbox'). Otherwise just continue,
and I'll forget about whatever was undefined.

Missing character: There is no В ("412) in font nullfont!
Missing character: There is no ы ("44B) in font nullfont!
Missing character: There is no в ("432) in font nullfont!
Missing character: There is no о ("43E) in font nullfont!
Missing character: There is no д ("434) in font nullfont!
Missing character: There is no ы ("44B) in font nullfont!
Missing character: There is no п ("43F) in font nullfont!
Missing character: There is no о ("43E) in font nullfont!
Missing character: There is no т ("442) in font nullfont!
Missing character: There is no е ("435) in font nullfont!
Missing character: There is no с ("441) in font nullfont!
Missing character: There is no т ("442) in font nullfont!
Missing character: There is no и ("438) in font nullfont!
Missing character: There is no р ("440) in font nullfont!
Missing character: There is no о ("43E) in font nullfont!
Missing character: There is no в ("432) in font nullfont!
Missing character: There is no а ("430) in font nullfont!
Missing character: There is no н ("43D) in font nullfont!
Missing character: There is no и ("438) in font nullfont!
Missing character: There is no ю ("44E) in font nullfont!

Overfull \hbox (20.0pt too wide) in paragraph at lines 182--183
[]
 []

Missing character: There is no В ("412) in font nullfont!
Missing character: There is no р ("440) in font nullfont!
Missing character: There is no е ("435) in font nullfont!
Missing character: There is no з ("437) in font nullfont!
Missing character: There is no у ("443) in font nullfont!
Missing character: There is no л ("43B) in font nullfont!
Missing character: There is no ь ("44C) in font nullfont!
Missing character: There is no т ("442) in font nullfont!
Missing character: There is no а ("430) in font nullfont!
Missing character: There is no т ("442) in font nullfont!
Missing character: There is no е ("435) in font nullfont!
Missing character: There is no т ("442) in font nullfont!
Missing character: There is no е ("435) in font nullfont!
Missing character: There is no с ("441) in font nullfont!
Missing character: There is no т ("442) in font nullfont!
Missing character: There is no и ("438) in font nullfont!
Missing character: There is no р ("440) in font nullfont!
Missing character: There is no о ("43E) in font nullfont!
Missing character: There is no в ("432) in font nullfont!
Missing character: There is no а ("430) in font nullfont!
Missing character: There is no н ("43D) in font nullfont!
Missing character: There is no и ("438) in font nullfont!
Missing character: There is no я ("44F) in font nullfont!
Missing character: There is no п ("43F) in font nullfont!
Missing character: There is no о ("43E) in font nullfont!
Missing character: There is no д ("434) in font nullfont!
Missing character: There is no т ("442) in font nullfont!
Missing character: There is no в ("432) in font nullfont!
Missing character: There is no е ("435) in font nullfont!
Missing character: There is no р ("440) in font nullfont!
Missing character: There is no ж ("436) in font nullfont!
Missing character: There is no д ("434) in font nullfont!
Missing character: There is no е ("435) in font nullfont!
Missing character: There is no н ("43D) in font nullfont!
Missing character: There is no о ("43E) in font nullfont!
Missing character: There is no , ("2C) in font nullfont!
Missing character: There is no ч ("447) in font nullfont!
Missing character: There is no т ("442) in font nullfont!
Missing character: There is no о ("43E) in font nullfont!
Missing character: There is no р ("440) in font nullfont!
Missing character: There is no а ("430) in font nullfont!
Missing character: There is no з ("437) in font nullfont!
Missing character: There is no р ("440) in font nullfont!
Missing character: There is no а ("430) in font nullfont!
Missing character: There is no б ("431) in font nullfont!
Missing character: There is no о ("43E) in font nullfont!
Missing character: There is no т ("442) in font nullfont!
Missing character: There is no а ("430) in font nullfont!
Missing character: There is no н ("43D) in font nullfont!
Missing character: There is no н ("43D) in font nullfont!
Missing character: There is no о ("43E) in font nullfont!
Missing character: There is no е ("435) in font nullfont!
Missing character: There is no п ("43F) in font nullfont!
Missing character: There is no р ("440) in font nullfont!
Missing character: There is no и ("438) in font nullfont!
Missing character: There is no л ("43B) in font nullfont!
Missing character: There is no о ("43E) in font nullfont!
Missing character: There is no ж ("436) in font nullfont!
Missing character: There is no е ("435) in font nullfont!
Missing character: There is no н ("43D) in font nullfont!
Missing character: There is no и ("438) in font nullfont!
Missing character: There is no е ("435) in font nullfont!
Missing character: There is no с ("441) in font nullfont!
Missing character: There is no о ("43E) in font nullfont!
Missing character: There is no о ("43E) in font nullfont!
Missing character: There is no т ("442) in font nullfont!
Missing character: There is no в ("432) in font nullfont!
Missing character: There is no е ("435) in font nullfont!
Missing character: There is no т ("442) in font nullfont!
Missing character: There is no с ("441) in font nullfont!
Missing character: There is no т ("442) in font nullfont!
Missing character: There is no в ("432) in font nullfont!
Missing character: There is no у ("443) in font nullfont!
Missing character: There is no е ("435) in font nullfont!
Missing character: There is no т ("442) in font nullfont!
Missing character: There is no в ("432) in font nullfont!
Missing character: There is no с ("441) in font nullfont!
Missing character: There is no е ("435) in font nullfont!
Missing character: There is no м ("43C) in font nullfont!
Missing character: There is no ф ("444) in font nullfont!
Missing character: There is no у ("443) in font nullfont!
Missing character: There is no н ("43D) in font nullfont!
Missing character: There is no к ("43A) in font nullfont!
Missing character: There is no ц ("446) in font nullfont!
Missing character: There is no и ("438) in font nullfont!
Missing character: There is no о ("43E) in font nullfont!
Missing character: There is no н ("43D) in font nullfont!
Missing character: There is no а ("430) in font nullfont!
Missing character: There is no л ("43B) in font nullfont!
Missing character: There is no ь ("44C) in font nullfont!
Missing character: There is no н ("43D) in font nullfont!
Missing character: There is no ы ("44B) in font nullfont!
Missing character: There is no м ("43C) in font nullfont!
Missing character: There is no и ("438) in font nullfont!
Missing character: There is no н ("43D) in font nullfont!
Missing character: There is no е ("435) in font nullfont!
Missing character: There is no ф ("444) in font nullfont!
Missing character: There is no у ("443) in font nullfont!
Missing character: There is no н ("43D) in font nullfont!
Missing character: There is no к ("43A) in font nullfont!
Missing character: There is no ц ("446) in font nullfont!
Missing character: There is no и ("438) in font nullfont!
Missing character: There is no о ("43E) in font nullfont!
Missing character: There is no н ("43D) in font nullfont!
Missing character: There is no а ("430) in font nullfont!
Missing character: There is no л ("43B) in font nullfont!
Missing character: There is no ь ("44C) in font nullfont!
Missing character: There is no н ("43D) in font nullfont!
Missing character: There is no ы ("44B) in font nullfont!
Missing character: There is no м ("43C) in font nullfont!
Missing character: There is no т ("442) in font nullfont!
Missing character: There is no р ("440) in font nullfont!
Missing character: There is no е ("435) in font nullfont!
Missing character: There is no б ("431) in font nullfont!
Missing character: There is no о ("43E) in font nullfont!
Missing character: There is no в ("432) in font nullfont!
Missing character: There is no а ("430) in font nullfont!
Missing character: There is no н ("43D) in font nullfont!
Missing character: There is no и ("438) in font nullfont!
Missing character: There is no я ("44F) in font nullfont!
Missing character: There is no м ("43C) in font nullfont!
Missing character: There is no . ("2E) in font nullfont!
Missing character: There is no П ("41F) in font nullfont!
Missing character: There is no р ("440) in font nullfont!
Missing character: There is no и ("438) in font nullfont!
Missing character: There is no л ("43B) in font nullfont!
Missing character: There is no о ("43E) in font nullfont!
Missing character: There is no ж ("436) in font nullfont!
Missing character: There is no е ("435) in font nullfont!
Missing character: There is no н ("43D) in font nullfont!
Missing character: There is no и ("438) in font nullfont!
Missing character: There is no е ("435) in font nullfont!
Missing character: There is no р ("440) in font nullfont!
Missing character: There is no а ("430) in font nullfont!
Missing character: There is no б ("431) in font nullfont!
Missing character: There is no о ("43E) in font nullfont!
Missing character: There is no т ("442) in font nullfont!
Missing character: There is no а ("430) in font nullfont!
Missing character: There is no е ("435) in font nullfont!
Missing character: There is no т ("442) in font nullfont!
Missing character: There is no с ("441) in font nullfont!
Missing character: There is no т ("442) in font nullfont!
Missing character: There is no а ("430) in font nullfont!
Missing character: There is no б ("431) in font nullfont!
Missing character: There is no и ("438) in font nullfont!
Missing character: There is no л ("43B) in font nullfont!
Missing character: There is no ь ("44C) in font nullfont!
Missing character: There is no н ("43D) in font nullfont!
Missing character: There is no о ("43E) in font nullfont!
Missing character: There is no н ("43D) in font nullfont!
Missing character: There is no а ("430) in font nullfont!
Missing character: There is no в ("432) in font nullfont!
Missing character: There is no с ("441) in font nullfont!
Missing character: There is no е ("435) in font nullfont!
Missing character: There is no х ("445) in font nullfont!
Missing character: There is no т ("442) in font nullfont!
Missing character: There is no е ("435) in font nullfont!
Missing character: There is no с ("441) in font nullfont!
Missing character: There is no т ("442) in font nullfont!
Missing character: There is no о ("43E) in font nullfont!
Missing character: There is no в ("432) in font nullfont!
Missing character: There is no ы ("44B) in font nullfont!
Missing character: There is no х ("445) in font nullfont!
Missing character: There is no у ("443) in font nullfont!
Missing character: There is no с ("441) in font nullfont!
Missing character: There is no т ("442) in font nullfont!
Missing character: There is no р ("440) in font nullfont!
Missing character: There is no о ("43E) in font nullfont!
Missing character: There is no й ("439) in font nullfont!
Missing character: There is no с ("441) in font nullfont!
Missing character: There is no т ("442) in font nullfont!
Missing character: There is no в ("432) in font nullfont!
Missing character: There is no а ("430) in font nullfont!
Missing character: There is no х ("445) in font nullfont!
Missing character: There is no и ("438) in font nullfont!
Missing character: There is no в ("432) in font nullfont!
Missing character: There is no е ("435) in font nullfont!
Missing character: There is no р ("440) in font nullfont!
Missing character: There is no с ("441) in font nullfont!
Missing character: There is no и ("438) in font nullfont!
Missing character: There is no я ("44F) in font nullfont!
Missing character: There is no х ("445) in font nullfont!
Missing character: There is no A ("41) in font nullfont!
Missing character: There is no n ("6E) in font nullfont!
Missing character: There is no d ("64) in font nullfont!
Missing character: There is no r ("72) in font nullfont!
Missing character: There is no o ("6F) in font nullfont!
Missing character: There is no i ("69) in font nullfont!
Missing character: There is no d ("64) in font nullfont!
Missing character: There is no . ("2E) in font nullfont!
Missing character: There is no В ("412) in font nullfont!
Missing character: There is no ы ("44B) in font nullfont!
Missing character: There is no я ("44F) in font nullfont!
Missing character: There is no в ("432) in font nullfont!
Missing character: There is no л ("43B) in font nullfont!
Missing character: There is no е ("435) in font nullfont!
Missing character: There is no н ("43D) in font nullfont!
Missing character: There is no н ("43D) in font nullfont!
Missing character: There is no ы ("44B) in font nullfont!
Missing character: There is no е ("435) in font nullfont!
Missing character: There is no д ("434) in font nullfont!
Missing character: There is no е ("435) in font nullfont!
Missing character: There is no ф ("444) in font nullfont!
Missing character: There is no е ("435) in font nullfont!
Missing character: There is no к ("43A) in font nullfont!
Missing character: There is no т ("442) in font nullfont!
Missing character: There is no ы ("44B) in font nullfont!
Missing character: There is no б ("431) in font nullfont!
Missing character: There is no ы ("44B) in font nullfont!
Missing character: There is no л ("43B) in font nullfont!
Missing character: There is no и ("438) in font nullfont!
Missing character: There is no у ("443) in font nullfont!
Missing character: There is no с ("441) in font nullfont!
Missing character: There is no т ("442) in font nullfont!
Missing character: There is no р ("440) in font nullfont!
Missing character: There is no а ("430) in font nullfont!
Missing character: There is no н ("43D) in font nullfont!
Missing character: There is no е ("435) in font nullfont!
Missing character: There is no н ("43D) in font nullfont!
Missing character: There is no ы ("44B) in font nullfont!
Missing character: There is no . ("2E) in font nullfont!
Missing character: There is no П ("41F) in font nullfont!
Missing character: There is no р ("440) in font nullfont!
Missing character: There is no и ("438) in font nullfont!
Missing character: There is no л ("43B) in font nullfont!
Missing character: There is no о ("43E) in font nullfont!
Missing character: There is no ж ("436) in font nullfont!
Missing character: There is no е ("435) in font nullfont!
Missing character: There is no н ("43D) in font nullfont!
Missing character: There is no и ("438) in font nullfont!
Missing character: There is no е ("435) in font nullfont!
Missing character: There is no г ("433) in font nullfont!
Missing character: There is no о ("43E) in font nullfont!
Missing character: There is no т ("442) in font nullfont!
Missing character: There is no о ("43E) in font nullfont!
Missing character: There is no в ("432) in font nullfont!
Missing character: There is no о ("43E) in font nullfont!
Missing character: There is no к ("43A) in font nullfont!
Missing character: There is no э ("44D) in font nullfont!
Missing character: There is no к ("43A) in font nullfont!
Missing character: There is no с ("441) in font nullfont!
Missing character: There is no п ("43F) in font nullfont!
Missing character: There is no л ("43B) in font nullfont!
Missing character: There is no у ("443) in font nullfont!
Missing character: There is no а ("430) in font nullfont!
Missing character: There is no т ("442) in font nullfont!
Missing character: There is no а ("430) in font nullfont!
Missing character: There is no ц ("446) in font nullfont!
Missing character: There is no и ("438) in font nullfont!
Missing character: There is no и ("438) in font nullfont!
Missing character: There is no . ("2E) in font nullfont!
)
! Emergency stop.
<*> Тестирование.tex
                    
*** (job aborted, no legal \end found)

 
Here is how much of TeX's memory you used:
 40 strings out of 467991
 866 string characters out of 5419267
 441606 words of memory out of 5000000
 29038 multiletter control sequences out of 15000+600000
 627737 words of font info for 42 fonts, out of 8000000 for 9000
 1348 hyphenation exceptions out of 8191
 19i,9n,23p,333b,190s stack positions out of 10000i,1000n,20000p,200000b,200000s
No pages of output.
